player_id,Player,Squad,minutes,appearances,shots_total,shots_on,goals_total,fouls_committed,duels_total,duels_won,pass_total,pass_accurate,prog_pass_total,prog_pass_accurate,key_passes,assists,takeons_total,takeons_won,ball_recoveries,at_actions,total_matches
Brian Gutiérrez|Mexico,Brian Gutiérrez,Mexico,135,2,5,2,0,3,3,1,44,38,10,8,4,0,2,0,3,1,54
Érik Lira|Mexico,Érik Lira,Mexico,171,2,0,0,0,2,1,1,94,83,17,10,0,0,1,1,7,1,54
Johan Vásquez|Mexico,Johan Vásquez,Mexico,193,2,0,0,0,0,7,4,136,123,21,11,0,0,0,0,4,0,54
César Montes|Mexico,César Montes,Mexico,193,2,0,0,0,3,8,4,109,101,31,25,0,0,0,0,5,0,54
Israel Reyes|Mexico,Israel Reyes,Mexico,210,3,2,0,0,1,7,5,101,90,29,22,2,0,0,0,5,0,54
Julián Quiñones|Mexico,Julián Quiñones,Mexico,257,3,10,6,2,3,5,2,87,71,11,10,4,0,8,5,11,0,54
Álvaro Fidalgo|Mexico,Álvaro Fidalgo,Mexico,90,2,1,1,1,0,1,1,49,43,8,4,0,0,1,1,6,0,54
Roberto Alvarado|Mexico,Roberto Alvarado,Mexico,272,3,2,0,0,2,0,0,130,102,37,19,6,2,4,3,12,0,54
Aubrey Modiba|South Africa,Aubrey Modiba,South Africa,269,3,5,2,0,4,1,0,104,83,26,12,3,0,2,0,12,0,54
Jayden Adams|South Africa,Jayden Adams,South Africa,122,3,0,0,0,0,2,0,44,40,11,8,1,0,1,1,3,0,54
Khuliso Mudau|South Africa,Khuliso Mudau,South Africa,290,3,0,0,0,4,3,0,137,125,28,25,1,0,2,1,20,1,54
Nkosinathi Sibisi|South Africa,Nkosinathi Sibisi,South Africa,97,1,0,0,0,1,0,0,54,43,23,15,0,0,0,0,3,0,54
Ronwen Williams|South Africa,Ronwen Williams,South Africa,290,3,0,0,0,0,2,1,152,103,91,42,0,0,0,0,3,0,54
Ime Okon|South Africa,Ime Okon,South Africa,290,3,0,0,0,0,11,5,186,174,37,27,2,0,2,1,14,0,54
Yaya Sithole|South Africa,Yaya Sithole,South Africa,193,2,0,0,0,4,5,3,73,65,13,9,1,0,1,1,8,0,54
Teboho Mokoena|South Africa,Teboho Mokoena,South Africa,194,2,2,1,1,3,2,2,144,134,34,29,6,0,3,1,12,0,54
Mbekezeli Mbokazi|South Africa,Mbekezeli Mbokazi,South Africa,290,3,4,3,0,1,9,6,124,106,36,21,2,0,2,0,9,0,54
Raúl Jiménez|Mexico,Raúl Jiménez,Mexico,154,2,6,5,1,3,10,7,40,29,6,2,2,0,2,0,0,0,54
Lyle Foster|South Africa,Lyle Foster,South Africa,55,1,1,0,0,0,4,0,5,1,2,0,0,0,1,0,0,0,54
Iqraam Rayners|South Africa,Iqraam Rayners,South Africa,163,3,1,1,0,0,8,2,25,19,2,1,0,0,1,1,1,0,54
Raúl Rangel|Mexico,Raúl Rangel,Mexico,270,3,0,0,0,0,1,1,93,70,71,48,0,0,0,0,10,0,54
Jesús Gallardo|Mexico,Jesús Gallardo,Mexico,212,3,3,1,0,2,7,6,118,92,33,15,0,0,3,1,7,0,54
Thalente Mbatha|South Africa,Thalente Mbatha,South Africa,235,3,3,2,0,2,2,1,79,64,21,11,0,0,1,0,7,0,54
Themba Zwane|South Africa,Themba Zwane,South Africa,37,1,0,0,0,1,0,0,7,5,1,0,0,0,0,0,2,0,54
Luis Chávez|Mexico,Luis Chávez,Mexico,32,1,0,0,0,1,0,0,29,28,8,8,0,0,0,0,1,0,54
Gilberto Mora|Mexico,Gilberto Mora,Mexico,103,2,1,1,0,1,0,0,39,35,10,6,2,0,4,1,3,0,54
Edson Álvarez|Mexico,Edson Álvarez,Mexico,214,3,0,0,0,4,3,2,129,115,33,24,0,0,1,1,8,0,54
Armando González|Mexico,Armando González,Mexico,22,1,0,0,0,1,0,0,1,1,0,0,0,0,0,0,0,0,54
Evidence Makgopa|South Africa,Evidence Makgopa,South Africa,149,3,4,3,0,1,23,12,19,14,6,3,0,0,4,1,5,0,54
Oswin Appollis|South Africa,Oswin Appollis,South Africa,179,3,2,2,0,1,0,0,73,60,6,3,0,0,4,3,10,0,54
Alexis Vega|Mexico,Alexis Vega,Mexico,19,1,0,0,0,0,0,0,11,10,0,0,0,0,1,0,1,0,54
Stephen Eustaquio|Canada,Stephen Eustaquio,Canada,228,3,2,1,0,2,1,0,194,158,50,38,4,0,1,1,13,0,54
Ismaël Koné|Canada,Ismaël Koné,Canada,152,2,2,2,0,1,8,2,112,95,28,22,0,0,3,1,10,3,54
Liam Millar|Canada,Liam Millar,Canada,99,2,1,1,0,2,5,2,52,34,10,5,3,0,7,3,2,2,54
Richie Laryea|Canada,Richie Laryea,Canada,277,3,2,2,0,2,3,1,154,123,52,34,5,0,5,3,15,1,54
Tani Oluwaseyi|Canada,Tani Oluwaseyi,Canada,143,3,3,2,0,2,16,6,30,14,6,4,0,0,3,2,3,0,54
Nikola Katic|Bosnia and Herzegovina,Nikola Katic,Bosnia and Herzegovina,256,3,1,0,0,3,21,15,126,107,44,30,0,0,0,0,6,0,54
Luc De Fougerolles|Canada,Luc De Fougerolles,Canada,262,3,1,1,0,5,17,7,148,125,48,39,2,0,1,0,8,0,54
Tarik Muharemovic|Bosnia and Herzegovina,Tarik Muharemovic,Bosnia and Herzegovina,193,2,1,0,0,4,10,9,74,60,25,12,0,0,1,1,9,0,54
Tajon Buchanan|Canada,Tajon Buchanan,Canada,215,3,4,3,0,1,3,0,74,54,9,5,3,0,14,4,6,0,54
Amar Dedic|Bosnia and Herzegovina,Amar Dedic,Bosnia and Herzegovina,193,2,1,1,0,4,4,3,66,48,25,12,0,0,9,3,11,0,54
Ermedin Demirovic|Bosnia and Herzegovina,Ermedin Demirovic,Bosnia and Herzegovina,277,3,2,2,0,8,17,9,41,28,7,5,0,0,5,1,7,1,54
Maxime Crépeau|Canada,Maxime Crépeau,Canada,291,3,0,0,0,0,1,1,65,51,33,19,0,0,0,0,9,0,54
Sead Kolasinac|Bosnia and Herzegovina,Sead Kolasinac,Bosnia and Herzegovina,276,3,0,0,0,5,4,3,145,114,51,34,3,1,3,1,12,0,54
Jovo Lukic|Bosnia and Herzegovina,Jovo Lukic,Bosnia and Herzegovina,73,2,3,2,1,1,11,10,20,9,2,0,0,0,2,0,3,0,54
Alistair Johnston|Canada,Alistair Johnston,Canada,291,3,4,3,0,4,5,1,178,126,61,36,9,0,2,2,7,0,54
Ivan Basic|Bosnia and Herzegovina,Ivan Basic,Bosnia and Herzegovina,192,3,4,3,0,2,3,1,115,102,28,23,6,0,2,2,8,1,54
Amar Memic|Bosnia and Herzegovina,Amar Memic,Bosnia and Herzegovina,221,3,2,1,0,3,5,4,41,30,9,2,0,0,8,1,11,0,54
Esmir Bajraktarevic|Bosnia and Herzegovina,Esmir Bajraktarevic,Bosnia and Herzegovina,203,3,2,1,0,1,3,1,56,39,9,2,2,0,6,1,9,1,54
Jonathan David|Canada,Jonathan David,Canada,255,3,13,11,3,0,7,2,64,42,14,9,2,0,2,0,2,0,54
Derek Cornelius|Canada,Derek Cornelius,Canada,237,3,4,1,0,4,17,8,145,118,51,31,0,0,0,0,10,0,54
Nikola Vasilj|Bosnia and Herzegovina,Nikola Vasilj,Bosnia and Herzegovina,289,3,0,0,0,0,1,1,121,74,76,29,0,0,0,0,9,0,54
Benjamin Tahirovic|Bosnia and Herzegovina,Benjamin Tahirovic,Bosnia and Herzegovina,209,3,1,0,0,3,3,2,73,58,12,7,0,0,0,0,9,2,54
Jacob Shaffelburg|Canada,Jacob Shaffelburg,Canada,79,3,3,0,0,0,3,1,41,31,11,10,4,0,1,0,7,0,54
Promise David|Canada,Promise David,Canada,59,2,4,3,1,2,5,2,5,2,0,0,1,1,0,0,4,0,54
Ali Ahmed|Canada,Ali Ahmed,Canada,163,3,2,1,0,0,3,2,68,46,18,5,2,0,5,1,6,0,54
Samed Bazdar|Bosnia and Herzegovina,Samed Bazdar,Bosnia and Herzegovina,35,1,0,0,0,1,6,1,6,2,1,0,0,0,3,1,2,0,54
Armin Gigovic|Bosnia and Herzegovina,Armin Gigovic,Bosnia and Herzegovina,35,1,0,0,0,0,1,1,16,12,4,3,0,0,3,1,3,0,54
Ivan Sunjic|Bosnia and Herzegovina,Ivan Sunjic,Bosnia and Herzegovina,153,3,1,1,0,5,4,2,85,74,17,12,2,0,1,0,5,0,54
Kerim Alajbegovic|Bosnia and Herzegovina,Kerim Alajbegovic,Bosnia and Herzegovina,194,3,2,2,1,4,0,0,73,51,21,12,4,0,15,8,7,1,54
Cyle Larin|Canada,Cyle Larin,Canada,177,3,9,8,2,3,7,3,19,14,1,0,0,0,1,1,5,0,54
Dzenis Burnic|Bosnia and Herzegovina,Dzenis Burnic,Bosnia and Herzegovina,28,2,1,1,0,0,0,0,8,7,3,2,0,0,0,0,0,0,54
Jonathan Osorio|Canada,Jonathan Osorio,Canada,6,1,0,0,0,0,0,0,5,4,2,1,0,0,0,0,0,0,54
Lukás Provod|Czechia,Lukás Provod,Czechia,135,3,1,0,0,2,4,1,54,38,11,7,1,0,3,1,4,2,54
Matej Kovár|Czechia,Matej Kovár,Czechia,289,3,0,0,0,0,0,0,97,62,59,24,0,0,0,0,4,0,54
Jaroslav Zeleny|Czechia,Jaroslav Zeleny,Czechia,139,2,1,0,0,0,2,1,50,36,14,7,0,0,3,2,8,0,54
Seol Young-Woo|Republic of Korea,Seol Young-Woo,Republic of Korea,96,1,0,0,0,1,0,0,47,42,2,1,1,0,1,0,3,0,54
Hwang In-Beom|Republic of Korea,Hwang In-Beom,Republic of Korea,83,1,3,2,1,0,2,1,81,73,11,7,1,1,2,2,5,0,54
Ladislav Krejcí|Czechia,Ladislav Krejcí,Czechia,289,3,5,2,1,6,15,10,169,144,53,34,1,0,1,1,12,0,54
Tomás Soucek|Czechia,Tomás Soucek,Czechia,150,3,1,0,0,3,5,2,46,36,8,5,0,0,1,0,6,0,54
Robin Hranác|Czechia,Robin Hranác,Czechia,289,3,0,0,0,6,7,4,125,109,32,17,0,0,0,0,4,0,54
Lee Han-Beom|Republic of Korea,Lee Han-Beom,Republic of Korea,96,1,1,0,0,3,7,5,66,54,21,10,0,0,0,0,2,0,54
Vladimír Coufal|Czechia,Vladimír Coufal,Czechia,289,3,1,1,0,4,8,3,128,81,45,18,7,1,4,2,10,0,54
Alexandr Sojka|Czechia,Alexandr Sojka,Czechia,147,3,0,0,0,0,1,1,70,55,18,10,3,1,2,2,11,0,54
Patrik Schick|Czechia,Patrik Schick,Czechia,193,3,2,1,0,1,8,3,31,27,4,2,0,0,1,0,4,0,54
Pavel Sulc|Czechia,Pavel Sulc,Czechia,202,3,2,0,0,2,6,4,55,38,8,1,1,0,6,2,15,0,54
Paik Seung-Ho|Republic of Korea,Paik Seung-Ho,Republic of Korea,83,1,0,0,0,0,1,1,63,56,10,7,0,0,1,0,1,0,54
Lee Jae-Sung|Republic of Korea,Lee Jae-Sung,Republic of Korea,61,1,2,1,0,1,4,2,34,26,4,2,3,0,1,0,3,0,54
Kim Seung-Gyu|Republic of Korea,Kim Seung-Gyu,Republic of Korea,96,1,0,0,0,0,0,0,36,21,31,16,0,0,0,0,4,0,54
Stepán Chaloupek|Czechia,Stepán Chaloupek,Czechia,96,1,0,0,0,1,3,1,27,16,16,7,0,0,0,0,4,0,54
Kim Min-Jae|Republic of Korea,Kim Min-Jae,Republic of Korea,96,1,0,0,0,2,5,4,55,51,9,7,2,0,0,0,3,0,54
Lee Gi-Hyuk|Republic of Korea,Lee Gi-Hyuk,Republic of Korea,96,1,0,0,0,1,6,4,63,59,18,14,0,0,0,0,2,0,54
Son Heung-Min|Republic of Korea,Son Heung-Min,Republic of Korea,68,1,6,4,0,0,0,0,24,20,3,2,1,0,1,0,3,0,54
Lee Kang-In|Republic of Korea,Lee Kang-In,Republic of Korea,96,1,1,1,0,0,0,0,40,37,7,6,3,1,6,5,1,0,54
Lee Tae-Seok|Republic of Korea,Lee Tae-Seok,Republic of Korea,68,1,0,0,0,1,5,2,37,31,8,6,2,0,0,0,0,0,54
Hwang Hee-Chan|Republic of Korea,Hwang Hee-Chan,Republic of Korea,35,1,0,0,0,0,0,0,11,10,1,1,0,0,2,1,1,0,54
Adam Hlozek|Czechia,Adam Hlozek,Czechia,162,3,3,1,0,4,10,4,29,21,6,4,2,0,5,1,2,1,54
Tomás Chory|Czechia,Tomás Chory,Czechia,43,2,0,0,0,3,8,4,12,8,1,1,0,0,0,0,0,0,54
Michal Sadílek|Czechia,Michal Sadílek,Czechia,195,3,7,5,1,0,1,0,90,68,19,10,1,0,0,0,5,1,54
Eom Ji-Sung|Republic of Korea,Eom Ji-Sung,Republic of Korea,28,1,0,0,0,0,1,1,5,4,2,1,0,0,1,0,1,0,54
Oh Hyeon-Gyu|Republic of Korea,Oh Hyeon-Gyu,Republic of Korea,28,1,1,1,1,0,3,2,6,4,1,0,1,0,0,0,0,0,54
Kim Jin-Gyu|Republic of Korea,Kim Jin-Gyu,Republic of Korea,13,1,1,1,0,0,1,0,4,3,0,0,0,0,0,0,0,0,54
Park Jin-Seob|Republic of Korea,Park Jin-Seob,Republic of Korea,13,1,0,0,0,0,5,3,9,6,1,0,0,0,0,0,1,0,54
Mojmír Chytil|Czechia,Mojmír Chytil,Czechia,13,1,0,0,0,0,1,0,2,2,1,1,1,0,0,0,0,0,54
Azzedine Ounahi|Morocco,Azzedine Ounahi,Morocco,182,3,1,1,0,0,1,0,117,106,29,21,3,0,11,4,10,0,54
Roger Ibañez|Brazil,Roger Ibañez,Brazil,45,1,0,0,0,2,0,0,23,22,4,3,0,0,3,1,2,1,54
Marquinhos|Brazil,Marquinhos,Brazil,291,3,2,1,0,0,9,6,253,240,59,49,0,0,0,0,9,0,54
Issa Diop|Morocco,Issa Diop,Morocco,196,2,0,0,0,1,9,6,146,121,61,38,0,0,0,0,3,0,54
Ayyoub Bouaddi|Morocco,Ayyoub Bouaddi,Morocco,196,2,1,1,0,2,2,0,132,121,13,8,0,0,5,3,10,0,54
Lucas Paquetá|Brazil,Lucas Paquetá,Brazil,188,3,3,2,0,3,3,2,148,126,51,37,7,1,7,3,18,1,54
Raphinha|Brazil,Raphinha,Brazil,139,2,3,3,0,1,1,1,53,33,6,1,3,0,9,1,3,0,54
Noussair Mazraoui|Morocco,Noussair Mazraoui,Morocco,191,3,0,0,0,3,4,1,105,93,29,25,0,0,4,3,9,0,54
Bilal El Khannouss|Morocco,Bilal El Khannouss,Morocco,260,3,5,4,0,3,2,1,152,119,36,26,6,0,14,7,18,0,54
Bruno Guimarães|Brazil,Bruno Guimarães,Brazil,255,3,2,1,0,3,5,3,121,99,32,20,5,2,5,2,14,0,54
Casemiro|Brazil,Casemiro,Brazil,204,3,1,1,0,4,8,4,115,99,31,20,1,0,2,0,10,0,54
Alisson Becker|Brazil,Alisson Becker,Brazil,291,3,0,0,0,0,0,0,86,73,39,26,0,0,1,1,3,0,54
Gabriel Magalhães|Brazil,Gabriel Magalhães,Brazil,291,3,1,1,0,1,11,10,263,252,56,49,0,0,0,0,11,0,54
Neil El Aynaoui|Morocco,Neil El Aynaoui,Morocco,278,3,5,2,0,6,5,1,192,173,41,32,2,0,4,1,9,0,54
Douglas Santos|Brazil,Douglas Santos,Brazil,276,3,2,0,0,3,1,0,160,145,41,31,1,0,0,0,11,1,54
Brahim Díaz|Morocco,Brahim Díaz,Morocco,216,3,5,4,0,1,0,0,88,79,14,11,6,2,17,5,13,0,54
Chadi Riad|Morocco,Chadi Riad,Morocco,294,3,1,0,0,0,7,5,178,165,26,18,0,0,3,2,5,0,54
Ismael Saibari|Morocco,Ismael Saibari,Morocco,240,3,10,7,3,3,7,4,78,63,9,8,2,0,6,2,6,1,54
Achraf Hakimi|Morocco,Achraf Hakimi,Morocco,294,3,10,5,1,4,3,1,236,207,36,27,11,1,18,6,15,1,54
Igor Thiago|Brazil,Igor Thiago,Brazil,61,1,2,1,0,2,1,1,6,5,1,0,0,0,1,0,2,0,54
Yassine Bounou|Morocco,Yassine Bounou,Morocco,294,3,1,1,1,0,1,1,99,64,49,14,0,0,0,0,2,0,54
Vinícius Júnior|Brazil,Vinícius Júnior,Brazil,276,3,12,10,4,4,1,0,86,68,10,6,5,1,24,7,6,0,54
Danilo|Brazil,Danilo,Brazil,246,3,0,0,0,5,4,3,176,153,58,41,1,0,2,1,11,0,54
Fabinho|Brazil,Fabinho,Brazil,87,2,0,0,0,4,2,2,45,42,8,7,0,0,0,0,3,0,54
Matheus Cunha|Brazil,Matheus Cunha,Brazil,178,3,7,5,3,0,4,3,68,54,12,7,1,0,5,2,6,1,54
Luiz Henrique|Brazil,Luiz Henrique,Brazil,39,1,0,0,0,0,1,1,13,12,7,6,1,0,0,0,2,0,54
Samir El Mourabet|Morocco,Samir El Mourabet,Morocco,59,3,0,0,0,0,0,0,38,34,4,3,2,0,1,1,1,1,54
Chemsdine Talbi|Morocco,Chemsdine Talbi,Morocco,49,2,2,1,0,0,0,0,15,12,2,1,1,0,0,0,2,0,54
Anass Salah-Eddine|Morocco,Anass Salah-Eddine,Morocco,103,2,0,0,0,1,1,0,72,66,15,13,1,0,2,0,1,0,54
Ayoube Amaimouni-Echghouyab|Morocco,Ayoube Amaimouni-Echghouyab,Morocco,34,2,2,1,0,1,0,0,9,7,1,0,0,0,5,1,3,0,54
Danilo Santos|Brazil,Danilo Santos,Brazil,36,2,2,1,0,0,0,0,9,6,3,2,0,0,0,0,1,0,54
Soufiane Rahimi|Morocco,Soufiane Rahimi,Morocco,54,3,2,2,1,3,4,1,12,9,1,0,1,1,2,1,1,0,54
Remo Freuler|Switzerland,Remo Freuler,Switzerland,281,3,1,0,0,4,11,4,177,157,28,20,2,0,3,1,6,0,54
Manuel Akanji|Switzerland,Manuel Akanji,Switzerland,290,3,1,1,0,0,7,4,255,237,72,60,3,0,1,1,13,0,54
Homam El Amin|Qatar,Homam El Amin,Qatar,196,2,1,0,0,4,2,1,38,26,14,6,1,0,0,0,0,0,54
Denis Zakaria|Switzerland,Denis Zakaria,Switzerland,97,1,2,2,0,1,3,2,69,61,6,5,0,0,3,1,5,1,54
Michel Aebischer|Switzerland,Michel Aebischer,Switzerland,157,3,2,1,0,3,1,0,80,66,12,10,4,0,2,2,6,1,54
Boualem Khoukhi|Qatar,Boualem Khoukhi,Qatar,292,3,2,1,0,2,8,5,118,92,39,22,0,0,0,0,8,0,54
Yusuf Abdurisag|Qatar,Yusuf Abdurisag,Qatar,98,2,0,0,0,1,2,1,16,9,6,2,0,0,1,0,6,0,54
Nico Elvedi|Switzerland,Nico Elvedi,Switzerland,290,3,2,1,0,3,7,6,231,216,52,39,2,0,0,0,6,0,54
Ricardo Rodríguez|Switzerland,Ricardo Rodríguez,Switzerland,281,3,0,0,0,6,9,7,195,148,63,35,4,0,0,0,16,2,54
Rubén Vargas|Switzerland,Rubén Vargas,Switzerland,184,3,6,5,2,4,4,2,72,47,10,8,6,1,8,2,4,1,54
Breel Embolo|Switzerland,Breel Embolo,Switzerland,269,3,7,6,1,6,7,3,37,27,5,3,7,2,4,3,3,0,54
Granit Xhaka|Switzerland,Granit Xhaka,Switzerland,290,3,5,2,1,1,3,1,239,220,68,56,3,0,3,0,24,1,54
Akram Afif|Qatar,Akram Afif,Qatar,251,3,2,0,0,0,0,0,105,78,24,12,4,0,6,0,8,1,54
Dan Ndoye|Switzerland,Dan Ndoye,Switzerland,152,3,10,6,0,1,2,2,46,32,2,0,1,0,11,5,6,0,54
Gregor Kobel|Switzerland,Gregor Kobel,Switzerland,290,3,0,0,0,0,3,3,113,93,46,26,0,0,0,0,10,0,54
Edmílson Junior|Qatar,Edmílson Junior,Qatar,210,3,3,2,0,4,7,1,45,35,7,2,2,1,5,2,8,0,54
Jassem Gaber|Qatar,Jassem Gaber,Qatar,149,3,0,0,0,7,3,2,34,26,6,1,0,0,0,0,2,0,54
Pedro Miguel|Qatar,Pedro Miguel,Qatar,292,3,3,1,0,1,5,1,81,63,28,14,0,0,2,2,5,0,54
Ayoub Al Oui|Qatar,Ayoub Al Oui,Qatar,158,2,0,0,0,1,3,2,28,12,15,2,0,0,0,0,4,0,54
Issa Laye|Qatar,Issa Laye,Qatar,292,3,1,0,0,0,6,4,95,87,14,9,1,0,1,0,8,0,54
Assim Madibo|Qatar,Assim Madibo,Qatar,177,2,0,0,0,2,0,0,35,28,5,1,0,0,1,0,3,0,54
Mahmoud Abunada|Qatar,Mahmoud Abunada,Qatar,292,3,1,1,1,1,0,0,93,52,62,21,0,0,0,0,1,0,54
Ahmed Fathy|Qatar,Ahmed Fathy,Qatar,157,3,0,0,0,2,1,0,65,57,12,6,1,0,0,0,4,0,54
Karim Boudiaf|Qatar,Karim Boudiaf,Qatar,109,2,1,0,0,0,2,1,69,64,20,16,1,0,0,0,7,0,54
Ahmed Alaa|Qatar,Ahmed Alaa,Qatar,56,2,1,1,0,1,2,1,8,4,1,0,0,0,0,0,2,0,54
Fabian Rieder|Switzerland,Fabian Rieder,Switzerland,103,2,1,1,0,0,0,0,38,31,3,2,2,0,2,0,1,2,54
Johan Manzambi|Switzerland,Johan Manzambi,Switzerland,143,3,6,5,3,2,4,1,42,29,7,4,2,1,8,2,4,0,54
Mohammad Al Mannai|Qatar,Mohammad Al Mannai,Qatar,19,1,0,0,0,0,0,0,5,1,1,0,0,0,0,0,1,0,54
Zeki Amdouni|Switzerland,Zeki Amdouni,Switzerland,19,1,1,1,0,0,0,0,4,4,1,1,0,0,3,1,0,0,54
Hassan Al Haydos|Qatar,Hassan Al Haydos,Qatar,65,2,1,1,1,1,1,0,14,10,3,1,1,0,1,1,1,0,54
Ardon Jashari|Switzerland,Ardon Jashari,Switzerland,9,1,1,0,0,0,0,0,9,7,2,0,0,0,0,0,0,0,54
Miro Muheim|Switzerland,Miro Muheim,Switzerland,9,1,1,1,1,0,2,0,6,4,1,0,0,0,0,0,1,0,54
Folarin Balogun|USA,Folarin Balogun,USA,166,2,7,6,2,2,4,0,30,19,2,1,0,0,5,2,1,0,54
Malik Tillman|USA,Malik Tillman,USA,179,2,5,4,0,1,7,1,94,70,24,13,5,1,8,3,12,2,54
Juan José Cáceres|Paraguay,Juan José Cáceres,Paraguay,158,2,1,1,0,5,8,6,62,29,35,12,1,0,5,4,4,0,54
Tim Ream|USA,Tim Ream,USA,196,2,0,0,0,0,6,2,166,152,59,49,0,0,1,1,8,0,54
Diego Gómez|Paraguay,Diego Gómez,Paraguay,145,2,5,2,0,2,9,6,47,33,14,7,0,0,6,3,9,0,54
Tyler Adams|USA,Tyler Adams,USA,196,2,0,0,0,3,5,2,128,111,36,24,2,0,2,2,10,1,54
Sergiño Dest|USA,Sergiño Dest,USA,150,2,3,3,0,0,0,0,62,52,9,9,1,0,14,6,6,0,54
Júnior Alonso|Paraguay,Júnior Alonso,Paraguay,196,2,0,0,0,1,3,0,60,36,28,8,1,0,1,0,6,0,54
Julio Enciso|Paraguay,Julio Enciso,Paraguay,189,2,3,1,0,0,3,0,48,36,7,5,5,1,14,9,6,0,54
Gustavo Gómez|Paraguay,Gustavo Gómez,Paraguay,196,2,1,1,0,2,9,8,36,28,8,2,0,0,0,0,0,0,54
Omar Alderete|Paraguay,Omar Alderete,Paraguay,196,2,1,0,0,2,6,5,39,22,21,6,1,0,0,0,3,0,54
Antonio Sanabria|Paraguay,Antonio Sanabria,Paraguay,61,1,0,0,0,1,5,3,10,6,1,1,1,0,0,0,0,0,54
Matt Freese|USA,Matt Freese,USA,196,2,0,0,0,0,0,0,51,30,29,9,0,0,0,0,3,0,54
Chris Richards|USA,Chris Richards,USA,196,2,1,0,0,6,9,6,179,175,36,33,0,0,0,0,6,0,54
Antonee Robinson|USA,Antonee Robinson,USA,177,2,0,0,0,1,5,3,127,98,31,17,2,0,8,6,12,2,54
Andrés Cubas|Paraguay,Andrés Cubas,Paraguay,196,2,0,0,0,10,0,0,48,38,12,6,0,0,0,0,11,0,54
Alex Freeman|USA,Alex Freeman,USA,196,2,1,1,1,1,12,9,158,139,38,30,2,0,7,4,6,3,54
Weston McKennie|USA,Weston McKennie,USA,193,2,2,1,0,4,4,0,93,71,17,11,6,0,8,4,3,1,54
Orlando Gill|Paraguay,Orlando Gill,Paraguay,196,2,0,0,0,0,0,0,65,32,57,24,0,0,0,0,2,0,54
Christian Pulisic|USA,Christian Pulisic,USA,45,1,0,0,0,1,0,0,24,19,3,1,2,1,7,4,0,0,54
Miguel Almirón|Paraguay,Miguel Almirón,Paraguay,176,2,2,2,0,2,3,1,33,23,5,2,2,0,4,3,8,0,54
Damián Bobadilla|Paraguay,Damián Bobadilla,Paraguay,98,2,1,1,1,0,1,0,13,10,1,0,0,0,0,0,3,1,54
Mauricio|Paraguay,Mauricio,Paraguay,53,1,1,1,1,0,3,0,21,15,6,2,0,0,0,0,4,0,54
Sebastian Berhalter|USA,Sebastian Berhalter,USA,78,2,1,0,0,0,5,4,39,26,13,6,0,0,0,0,4,0,54
Álex Arce|Paraguay,Álex Arce,Paraguay,37,1,0,0,0,1,5,0,6,4,0,0,1,0,0,0,0,0,54
Timothy Weah|USA,Timothy Weah,USA,27,1,2,1,0,2,0,0,14,13,1,1,0,0,1,0,1,0,54
Ricardo Pepi|USA,Ricardo Pepi,USA,100,2,3,1,0,3,11,2,17,14,1,0,1,0,1,1,4,0,54
Ramón Sosa|Paraguay,Ramón Sosa,Paraguay,20,1,0,0,0,0,0,0,3,3,1,1,0,0,0,0,2,0,54
Gustavo Velázquez|Paraguay,Gustavo Velázquez,Paraguay,52,2,0,0,0,0,2,1,12,8,8,5,0,0,0,0,1,0,54
Alejandro Romero|Paraguay,Alejandro Romero,Paraguay,19,1,0,0,0,1,0,0,9,6,4,2,0,0,0,0,3,0,54
Giovanni Reyna|USA,Giovanni Reyna,USA,20,2,1,1,1,1,0,0,10,9,1,1,0,0,1,0,1,0,54
Mohamed Touré|Australia,Mohamed Touré,Australia,118,2,2,1,0,3,4,1,10,9,1,1,1,0,4,2,2,0,54
Harry Souttar|Australia,Harry Souttar,Australia,194,2,1,1,0,4,10,7,54,36,30,14,0,0,1,1,2,0,54
Abdülkerim Bardakci|Turkiye,Abdülkerim Bardakci,Turkiye,181,2,2,2,0,1,17,7,202,191,61,54,2,0,2,2,9,0,54
Connor Metcalfe|Australia,Connor Metcalfe,Australia,149,2,2,2,1,0,7,3,37,21,11,5,1,0,1,1,5,0,54
Aiden O'Neill|Australia,Aiden O'Neill,Australia,194,2,0,0,0,1,0,0,74,54,24,13,1,0,4,2,10,0,54
Ferdi Kadioglu|Turkiye,Ferdi Kadioglu,Turkiye,165,2,1,0,0,0,3,2,182,160,38,29,9,0,1,0,7,0,54
Jacob Italiano|Australia,Jacob Italiano,Australia,171,2,1,0,0,0,5,1,56,38,11,6,1,0,6,3,4,0,54
Orkun Kökçü|Turkiye,Orkun Kökçü,Turkiye,74,2,1,0,0,0,0,0,51,36,9,5,3,0,1,0,3,0,54
Hakan Çalhanoglu|Turkiye,Hakan Çalhanoglu,Turkiye,194,2,11,8,0,2,4,2,201,171,41,31,7,0,0,0,13,1,54
Arda Güler|Turkiye,Arda Güler,Turkiye,194,2,11,6,0,0,2,1,160,134,39,29,5,0,5,1,4,1,54
Merih Demiral|Turkiye,Merih Demiral,Turkiye,194,2,6,2,0,2,17,11,130,121,28,22,1,0,4,0,1,0,54
Ismail Yüksek|Turkiye,Ismail Yüksek,Turkiye,139,2,5,2,0,2,3,2,110,102,21,20,0,0,4,3,5,2,54
Ugurcan Çakir|Turkiye,Ugurcan Çakir,Turkiye,194,2,0,0,0,0,0,0,54,50,38,34,0,0,0,0,3,0,54
Baris Alper Yilmaz|Turkiye,Baris Alper Yilmaz,Turkiye,98,2,1,0,0,2,2,0,38,18,5,3,1,0,6,3,1,0,54
Alessandro Circati|Australia,Alessandro Circati,Australia,194,2,2,0,0,3,8,7,68,48,20,12,0,0,2,2,6,0,54
Paul Okon-Engstler|Australia,Paul Okon-Engstler,Australia,160,2,0,0,0,3,7,4,73,63,17,11,1,1,1,0,5,0,54
Nestory Irankunda|Australia,Nestory Irankunda,Australia,113,2,2,2,1,3,4,2,16,11,1,0,1,0,2,1,5,0,54
Zeki Çelik|Turkiye,Zeki Çelik,Turkiye,80,1,1,1,0,1,3,2,36,33,6,5,0,0,0,0,4,0,54
Patrick Beach|Australia,Patrick Beach,Australia,194,2,0,0,0,0,1,0,60,34,45,19,0,0,0,0,4,0,54
Cameron Burgess|Australia,Cameron Burgess,Australia,141,2,1,1,1,0,3,3,59,45,18,7,0,0,0,0,2,1,54
Jordan Bos|Australia,Jordan Bos,Australia,181,2,2,1,0,2,3,1,58,48,7,4,1,0,6,3,7,1,54
Kerem Aktürkoglu|Turkiye,Kerem Aktürkoglu,Turkiye,129,2,3,2,0,0,3,1,17,9,0,0,3,0,1,0,0,1,54
Kenan Yildiz|Turkiye,Kenan Yildiz,Turkiye,149,2,12,9,0,1,2,1,103,89,5,3,5,0,10,5,9,1,54
Nishan Velupillay|Australia,Nishan Velupillay,Australia,81,2,0,0,0,1,1,0,13,6,2,1,0,0,3,0,3,0,54
Yunus Akgün|Turkiye,Yunus Akgün,Turkiye,94,2,0,0,0,2,0,0,52,42,3,0,2,0,4,1,3,0,54
Tete Yengi|Australia,Tete Yengi,Australia,23,1,0,0,0,3,4,4,5,2,1,0,0,0,0,0,1,0,54
Jason Geria|Australia,Jason Geria,Australia,76,2,0,0,0,2,7,4,30,17,20,8,0,0,1,0,3,1,54
Salih Özcan|Turkiye,Salih Özcan,Turkiye,16,1,0,0,0,0,0,0,17,17,3,3,0,0,0,0,1,0,54
Mert Müldür|Turkiye,Mert Müldür,Turkiye,114,2,3,2,0,1,6,3,80,65,9,7,2,0,2,1,6,0,54
Aziz Behich|Australia,Aziz Behich,Australia,13,1,0,0,0,1,1,0,3,3,2,2,0,0,0,0,1,0,54
Jackson Irvine|Australia,Jackson Irvine,Australia,34,2,0,0,0,1,2,1,10,5,1,0,0,0,1,1,1,0,54
Deniz Gül|Turkiye,Deniz Gül,Turkiye,51,2,2,1,0,2,2,0,0,0,0,0,0,0,0,0,0,0,54
Jürgen Locadia|Curacao,Jürgen Locadia,Curacao,146,2,1,1,0,2,12,5,32,24,3,1,0,0,3,0,1,0,54
Leandro Bacuna|Curacao,Leandro Bacuna,Curacao,190,2,4,1,0,3,4,3,83,67,24,13,2,0,5,2,9,0,54
Deveron Fonville|Curacao,Deveron Fonville,Curacao,170,2,0,0,0,1,0,0,36,28,13,10,1,0,5,2,7,0,54
Armando Obispo|Curacao,Armando Obispo,Curacao,190,2,0,0,0,0,8,5,57,50,19,13,0,0,2,1,9,0,54
Eloy Room|Curacao,Eloy Room,Curacao,190,2,0,0,0,0,0,0,68,36,50,18,0,0,0,0,2,0,54
Nico Schlotterbeck|Germany,Nico Schlotterbeck,Germany,140,2,2,2,1,2,5,5,130,109,44,29,1,0,3,2,10,0,54
Kai Havertz|Germany,Kai Havertz,Germany,179,2,7,5,2,1,11,6,69,59,8,4,0,0,2,0,3,0,54
Jamal Musiala|Germany,Jamal Musiala,Germany,122,2,5,4,1,3,0,0,53,34,9,5,3,0,9,6,5,1,54
Joshua Kimmich|Germany,Joshua Kimmich,Germany,179,2,0,0,0,0,1,0,167,145,54,43,8,2,0,0,6,2,54
Juninho Bacuna|Curacao,Juninho Bacuna,Curacao,169,2,4,3,0,3,6,1,49,42,14,11,3,0,17,4,13,0,54
Tahith Chong|Curacao,Tahith Chong,Curacao,157,2,1,0,0,2,4,1,39,31,7,3,2,0,14,9,12,0,54
Aleksandar Pavlovic|Germany,Aleksandar Pavlovic,Germany,154,2,3,2,0,7,0,0,143,132,31,28,2,0,1,1,6,1,54
Riechedly Bazoer|Curacao,Riechedly Bazoer,Curacao,95,1,0,0,0,2,0,0,35,31,12,9,0,0,0,0,1,0,54
Florian Wirtz|Germany,Florian Wirtz,Germany,192,2,5,4,0,1,0,0,152,130,25,19,6,1,8,4,17,1,54
Felix Nmecha|Germany,Felix Nmecha,Germany,169,2,6,5,1,2,3,3,106,97,24,22,2,1,5,0,8,2,54
Nathaniel Brown|Germany,Nathaniel Brown,Germany,169,2,3,3,1,2,1,0,90,74,12,8,3,1,2,0,4,0,54
Leroy Sané|Germany,Leroy Sané,Germany,154,2,3,0,0,1,2,0,88,74,7,4,2,0,7,2,8,2,54
Sontje Hansen|Curacao,Sontje Hansen,Curacao,45,1,1,1,0,0,0,0,7,6,1,0,2,0,0,0,2,0,54
Sherel Floranus|Curacao,Sherel Floranus,Curacao,190,2,1,0,0,1,0,0,59,49,22,15,0,0,0,0,9,0,54
Livano Comenencia|Curacao,Livano Comenencia,Curacao,178,2,5,2,1,3,2,1,44,36,10,7,2,0,4,2,6,0,54
Jonathan Tah|Germany,Jonathan Tah,Germany,169,2,0,0,0,2,4,2,162,158,52,49,2,0,0,0,10,0,54
Manuel Neuer|Germany,Manuel Neuer,Germany,192,2,0,0,0,0,0,0,48,44,33,29,0,0,0,0,3,0,54
Jeremy Antonisse|Curacao,Jeremy Antonisse,Curacao,50,1,0,0,0,0,0,0,24,18,5,1,1,0,1,0,2,0,54
Deniz Undav|Germany,Deniz Undav,Germany,70,2,4,4,3,2,0,0,20,15,3,2,5,2,2,0,4,0,54
Jearl Margaritha|Curacao,Jearl Margaritha,Curacao,51,2,1,0,0,0,1,0,9,8,0,0,0,0,3,0,1,0,54
Antonio Rüdiger|Germany,Antonio Rüdiger,Germany,75,2,1,0,0,0,4,2,46,42,14,11,0,0,0,0,2,0,54
Leon Goretzka|Germany,Leon Goretzka,Germany,36,2,0,0,0,0,1,1,14,11,6,5,0,0,0,0,1,0,54
David Raum|Germany,David Raum,Germany,23,1,1,1,0,0,0,0,10,6,3,2,0,0,0,0,0,1,54
Gervane Kastaneer|Curacao,Gervane Kastaneer,Curacao,26,2,0,0,0,2,6,4,11,5,2,0,0,0,0,0,0,0,54
Waldemar Anton|Germany,Waldemar Anton,Germany,13,1,0,0,0,0,0,0,7,6,4,3,0,0,0,0,1,0,54
Lawrence Shankland|Scotland,Lawrence Shankland,Scotland,172,2,4,1,0,5,10,6,34,20,5,2,2,0,0,0,4,1,54
Lewis Ferguson|Scotland,Lewis Ferguson,Scotland,290,3,2,1,0,5,8,4,212,189,53,39,1,0,1,0,11,0,54
Martin Expérience|Haiti,Martin Expérience,Haiti,291,3,1,0,0,7,4,1,117,92,27,13,2,0,4,0,15,0,54
Aaron Hickey|Scotland,Aaron Hickey,Scotland,74,1,0,0,0,2,1,1,44,38,11,8,2,0,1,0,0,0,54
Ben Gannon-Doak|Scotland,Ben Gannon-Doak,Scotland,192,3,4,2,0,3,1,0,59,49,4,3,2,0,13,4,2,1,54
Grant Hanley|Scotland,Grant Hanley,Scotland,194,2,0,0,0,1,9,4,104,96,29,22,0,0,0,0,4,0,54
Jack Hendry|Scotland,Jack Hendry,Scotland,290,3,0,0,0,1,2,1,185,172,49,37,1,0,0,0,4,0,54
Hannes Delcroix|Haiti,Hannes Delcroix,Haiti,291,3,0,0,0,1,10,3,154,146,42,36,0,0,0,0,11,0,54
Johny Placide|Haiti,Johny Placide,Haiti,291,3,0,0,0,0,1,1,105,68,74,38,0,0,0,0,6,0,54
Jean-Ricner Bellegarde|Haiti,Jean-Ricner Bellegarde,Haiti,276,3,6,3,0,4,2,1,144,118,45,29,3,0,6,2,15,0,54
Scott McTominay|Scotland,Scott McTominay,Scotland,290,3,8,5,0,3,5,3,95,85,20,18,1,0,7,4,10,0,54
Andy Robertson|Scotland,Andy Robertson,Scotland,239,3,0,0,0,3,3,1,165,129,55,31,3,0,1,1,12,0,54
Ché Adams|Scotland,Ché Adams,Scotland,150,3,1,1,0,4,9,3,18,14,4,2,1,0,0,0,0,0,54
Ricardo Adé|Haiti,Ricardo Adé,Haiti,291,3,4,1,0,6,10,6,140,124,50,35,0,0,0,0,11,0,54
Frantzdy Pierrot|Haiti,Frantzdy Pierrot,Haiti,159,3,3,2,0,5,18,9,21,14,4,1,3,0,1,0,1,0,54
John McGinn|Scotland,John McGinn,Scotland,260,3,3,1,1,2,3,2,65,54,14,10,3,0,6,2,8,0,54
Danley Jean Jacques|Haiti,Danley Jean Jacques,Haiti,272,3,0,0,0,5,2,2,123,105,26,19,1,0,4,0,9,1,54
Carlens Arcus|Haiti,Carlens Arcus,Haiti,162,3,0,0,0,5,4,0,63,56,9,6,1,0,1,0,1,0,54
Louicius Deedson|Haiti,Louicius Deedson,Haiti,125,3,2,1,0,3,1,0,21,15,6,2,1,0,10,4,3,0,54
Angus Gunn|Scotland,Angus Gunn,Scotland,290,3,0,0,0,0,0,0,119,89,87,57,0,0,0,0,2,0,54
Wilson Isidor|Haiti,Wilson Isidor,Haiti,191,3,5,4,1,3,9,5,23,17,4,3,2,0,5,0,2,0,54
Ruben Providence|Haiti,Ruben Providence,Haiti,220,3,4,2,0,3,0,0,55,44,5,1,1,0,13,5,9,0,54
Josué Casimir|Haiti,Josué Casimir,Haiti,198,3,1,0,0,4,2,1,56,43,6,3,1,0,6,3,3,0,54
Ryan Christie|Scotland,Ryan Christie,Scotland,109,3,2,0,0,2,0,0,36,29,6,5,0,0,1,0,8,1,54
Lyndon Dykes|Scotland,Lyndon Dykes,Scotland,50,2,1,0,0,2,7,3,14,7,2,1,0,0,0,0,1,0,54
Nathan Patterson|Scotland,Nathan Patterson,Scotland,193,3,0,0,0,2,2,1,109,94,35,24,0,0,2,0,6,0,54
Lenny Joseph|Haiti,Lenny Joseph,Haiti,130,3,2,0,0,6,11,2,19,13,3,2,1,0,8,4,4,0,54
Findlay Curtis|Scotland,Findlay Curtis,Scotland,22,2,0,0,0,1,0,0,4,2,1,0,0,0,1,0,0,0,54
Kenny McLean|Scotland,Kenny McLean,Scotland,138,3,1,1,0,1,3,0,66,56,20,15,1,0,0,0,3,1,54
Yassin Fortuné|Haiti,Yassin Fortuné,Haiti,14,1,0,0,0,0,0,0,5,5,1,1,0,0,0,0,0,0,54
Tijjani Reijnders|Netherlands,Tijjani Reijnders,Netherlands,127,2,1,0,0,0,4,1,43,32,7,2,2,0,1,0,2,0,54
Bart Verbruggen|Netherlands,Bart Verbruggen,Netherlands,191,2,0,0,0,0,0,0,66,46,45,26,0,0,0,0,3,0,54
Shogo Taniguchi|Japan,Shogo Taniguchi,Japan,96,1,0,0,0,0,0,0,50,49,9,9,0,0,0,0,2,0,54
Frenkie de Jong|Netherlands,Frenkie de Jong,Netherlands,154,2,0,0,0,2,2,1,127,121,20,16,1,0,1,1,12,2,54
Jan Paul van Hecke|Netherlands,Jan Paul van Hecke,Netherlands,191,2,1,1,0,1,6,5,173,158,44,36,0,0,0,0,5,0,54
Kaishu Sano|Japan,Kaishu Sano,Japan,191,2,0,0,0,2,5,1,107,97,17,13,1,1,0,0,8,0,54
Ayase Ueda|Japan,Ayase Ueda,Japan,167,2,6,4,2,2,6,2,19,13,6,5,2,1,3,2,3,0,54
Daizen Maeda|Japan,Daizen Maeda,Japan,65,1,0,0,0,0,4,1,7,4,0,0,0,0,2,0,0,0,54
Denzel Dumfries|Netherlands,Denzel Dumfries,Netherlands,191,2,0,0,0,2,5,4,95,73,24,15,3,2,0,0,5,3,54
Crysencio Summerville|Netherlands,Crysencio Summerville,Netherlands,119,2,2,2,2,1,2,1,43,35,13,9,1,0,5,2,4,1,54
Cody Gakpo|Netherlands,Cody Gakpo,Netherlands,173,2,7,6,2,1,12,8,63,44,12,5,2,1,12,3,3,1,54
Micky van de Ven|Netherlands,Micky van de Ven,Netherlands,191,2,1,0,0,3,5,4,103,96,31,28,1,0,1,1,4,0,54
Virgil van Dijk|Netherlands,Virgil van Dijk,Netherlands,191,2,1,1,1,1,6,4,182,170,49,40,0,0,1,0,4,0,54
Hiroki Ito|Japan,Hiroki Ito,Japan,191,2,1,0,0,4,6,3,130,114,40,28,1,0,1,0,1,0,54
Daichi Kamada|Japan,Daichi Kamada,Japan,168,2,2,2,2,0,1,0,91,71,18,9,2,0,3,1,6,0,54
Donyell Malen|Netherlands,Donyell Malen,Netherlands,114,2,2,2,0,0,3,2,18,11,5,4,1,0,7,2,4,0,54
Zion Suzuki|Japan,Zion Suzuki,Japan,191,2,0,0,0,0,0,0,46,34,30,18,0,0,0,0,2,0,54
Ryan Gravenberch|Netherlands,Ryan Gravenberch,Netherlands,175,2,1,0,0,2,2,1,57,49,12,10,2,1,4,2,6,0,54
Keito Nakamura|Japan,Keito Nakamura,Japan,174,2,4,2,1,3,2,1,67,57,10,8,2,1,5,3,6,0,54
Tsuyoshi Watanabe|Japan,Tsuyoshi Watanabe,Japan,74,1,0,0,0,0,6,2,26,21,10,6,1,0,1,0,2,0,54
Ritsu Doan|Japan,Ritsu Doan,Japan,147,2,0,0,0,1,0,0,60,49,11,6,0,0,4,0,3,1,54
Takefusa Kubo|Japan,Takefusa Kubo,Japan,74,1,1,0,0,1,0,0,16,12,6,3,1,0,0,0,2,0,54
Junya Ito|Japan,Junya Ito,Japan,126,2,2,2,1,2,1,1,72,50,9,6,3,0,11,1,3,0,54
Memphis Depay|Netherlands,Memphis Depay,Netherlands,51,2,0,0,0,1,2,0,13,12,2,2,2,0,1,0,2,0,54
Teun Koopmeiners|Netherlands,Teun Koopmeiners,Netherlands,64,2,2,1,0,1,1,1,30,26,9,7,0,0,0,0,2,0,54
Quinten Timber|Netherlands,Quinten Timber,Netherlands,27,1,0,0,0,0,1,1,6,5,1,1,1,0,1,0,0,0,54
Yukinari Sugawara|Japan,Yukinari Sugawara,Japan,44,2,1,1,0,0,2,2,34,26,9,4,1,0,0,0,1,0,54
Takehiro Tomiyasu|Japan,Takehiro Tomiyasu,Japan,100,2,1,0,0,4,4,3,95,84,24,16,0,0,1,0,3,0,54
Koki Ogawa|Japan,Koki Ogawa,Japan,22,1,2,1,0,0,1,0,1,0,1,0,0,0,0,0,0,0,54
Nathan Aké|Netherlands,Nathan Aké,Netherlands,16,1,0,0,0,0,1,0,10,9,2,1,0,0,0,0,1,0,54
Kento Shiogai|Japan,Kento Shiogai,Japan,13,1,0,0,0,0,0,0,1,1,1,1,0,0,0,0,1,0,54
Brian Brobbey|Netherlands,Brian Brobbey,Netherlands,83,2,2,2,2,1,2,2,7,5,0,0,2,0,0,0,0,0,54
Leandro Trossard|Belgium,Leandro Trossard,Belgium,190,2,4,4,0,1,1,0,99,84,19,12,9,0,9,6,12,1,54
Kevin De Bruyne|Belgium,Kevin De Bruyne,Belgium,171,2,9,5,0,0,5,3,104,75,24,13,5,0,7,3,7,0,54
Brandon Mechele|Belgium,Brandon Mechele,Belgium,190,2,3,1,0,3,11,7,148,135,41,32,0,0,0,0,8,0,54
Thomas Meunier|Belgium,Thomas Meunier,Belgium,152,2,1,1,0,6,11,3,96,76,17,9,1,0,1,1,5,1,54
Amadou Onana|Belgium,Amadou Onana,Belgium,55,1,0,0,0,1,1,1,36,31,4,2,0,0,0,0,5,0,54
Ahmed Fatouh|Egypt,Ahmed Fatouh,Egypt,187,2,1,1,0,2,1,1,123,105,37,26,2,0,1,1,5,1,54
Emam Ashour|Egypt,Emam Ashour,Egypt,154,2,5,1,1,1,6,4,86,70,13,9,2,0,6,2,9,0,54
Hamdi Fathy|Egypt,Hamdi Fathy,Egypt,128,2,0,0,0,2,5,3,67,60,8,3,1,0,0,0,3,0,54
Yasser Ibrahim|Egypt,Yasser Ibrahim,Egypt,195,2,0,0,0,0,11,1,102,95,27,20,0,0,0,0,5,0,54
Marwan Attia|Egypt,Marwan Attia,Egypt,195,2,1,1,0,3,4,0,145,125,42,33,3,0,0,0,15,0,54
Mohamed Hany|Egypt,Mohamed Hany,Egypt,195,2,4,4,1,1,2,0,110,87,25,11,2,1,4,2,10,1,54
Timothy Castagne|Belgium,Timothy Castagne,Belgium,93,2,0,0,0,1,3,2,76,64,22,15,4,0,1,0,5,0,54
Youri Tielemans|Belgium,Youri Tielemans,Belgium,190,2,4,1,0,1,4,2,106,86,24,15,6,0,3,1,9,1,54
Jérémy Doku|Belgium,Jérémy Doku,Belgium,85,1,1,0,0,1,0,0,27,21,1,1,1,0,13,3,6,0,54
Mohanad Lasheen|Egypt,Mohanad Lasheen,Egypt,195,2,0,0,0,3,2,0,76,67,16,11,0,0,1,1,6,1,54
Mostafa Zico|Egypt,Mostafa Zico,Egypt,150,2,6,5,1,2,3,1,49,36,8,5,2,1,1,0,9,0,54
Nathan Ngoy|Belgium,Nathan Ngoy,Belgium,190,2,1,0,0,4,4,3,148,142,33,30,0,0,2,1,13,0,54
Thibaut Courtois|Belgium,Thibaut Courtois,Belgium,190,2,0,0,0,0,0,0,45,32,27,14,0,0,0,0,4,0,54
Charles De Ketelaere|Belgium,Charles De Ketelaere,Belgium,65,1,0,0,0,0,4,4,27,22,4,4,1,0,3,2,3,2,54
Mostafa Shobeir|Egypt,Mostafa Shobeir,Egypt,195,2,0,0,0,0,3,3,51,37,33,19,0,0,0,0,3,0,54
Mohamed Salah|Egypt,Mohamed Salah,Egypt,159,2,6,5,1,2,3,2,58,45,10,7,8,1,7,2,9,0,54
Omar Marmoush|Egypt,Omar Marmoush,Egypt,170,2,8,5,0,2,3,2,37,30,9,6,2,0,9,6,3,0,54
Nicolas Raskin|Belgium,Nicolas Raskin,Belgium,97,2,0,0,0,1,3,2,92,77,29,20,1,0,1,1,9,0,54
Maxim De Cuyper|Belgium,Maxim De Cuyper,Belgium,135,2,5,5,0,2,3,1,82,65,10,3,0,0,2,2,9,0,54
Romelu Lukaku|Belgium,Romelu Lukaku,Belgium,102,2,3,2,0,1,5,2,21,16,1,1,0,0,4,1,1,0,54
Ramy Rabia|Egypt,Ramy Rabia,Egypt,85,2,0,0,0,2,4,3,54,48,15,9,0,0,0,0,5,0,54
Zizo|Egypt,Zizo,Egypt,36,2,2,2,0,1,0,0,14,10,2,0,0,0,3,1,1,0,54
Hamza Abdelkarim|Egypt,Hamza Abdelkarim,Egypt,45,2,0,0,0,1,5,3,8,3,4,1,0,0,0,0,1,0,54
Matias Fernandez-Pardo|Belgium,Matias Fernandez-Pardo,Belgium,19,2,1,0,0,0,0,0,7,4,0,0,0,0,2,2,0,0,54
Hans Vanaken|Belgium,Hans Vanaken,Belgium,48,2,2,0,0,0,2,1,33,29,2,2,0,0,1,1,1,0,54
Karim Hafez|Egypt,Karim Hafez,Egypt,8,1,0,0,0,0,1,1,10,8,1,0,0,0,0,0,2,0,54
Ibrahim Adel|Egypt,Ibrahim Adel,Egypt,7,1,0,0,0,0,0,0,5,4,3,3,0,0,1,0,1,0,54
Enner Valencia|Ecuador,Enner Valencia,Ecuador,171,2,8,6,0,2,5,2,20,19,2,2,0,0,1,0,3,0,54
Hernán Galíndez|Ecuador,Hernán Galíndez,Ecuador,193,2,0,0,0,0,0,0,58,42,46,30,0,0,0,0,2,0,54
Emmanuel Agbadou|Ivory Coast,Emmanuel Agbadou,Ivory Coast,195,2,0,0,0,0,8,5,117,107,25,18,0,0,0,0,7,0,54
Moisés Caicedo|Ecuador,Moisés Caicedo,Ecuador,193,2,2,1,0,3,4,2,182,160,44,31,6,0,4,1,12,3,54
Pedro Vite|Ecuador,Pedro Vite,Ecuador,193,2,3,1,0,1,5,2,171,157,44,37,7,0,3,0,14,0,54
Alan Minda|Ecuador,Alan Minda,Ecuador,55,1,2,0,0,0,1,0,17,11,2,0,0,0,3,0,2,0,54
Yan Diomande|Ivory Coast,Yan Diomande,Ivory Coast,182,2,3,0,0,1,3,2,80,62,7,5,7,0,16,8,10,2,54
Piero Hincapié|Ecuador,Piero Hincapié,Ecuador,193,2,3,1,0,1,10,6,109,85,39,23,1,0,2,1,2,1,54
Yahia Fofana|Ivory Coast,Yahia Fofana,Ivory Coast,195,2,0,0,0,0,1,1,68,39,49,21,0,0,0,0,2,0,54
Joel Ordóñez|Ecuador,Joel Ordóñez,Ecuador,98,1,2,2,0,0,3,3,64,58,11,6,0,0,0,0,3,1,54
Willian Pacho|Ecuador,Willian Pacho,Ecuador,193,2,1,1,0,2,8,7,149,137,36,25,0,0,0,0,13,0,54
Alan Franco|Ecuador,Alan Franco,Ecuador,143,2,0,0,0,4,4,2,118,112,37,33,0,0,0,0,10,0,54
Wilfried Singo|Ivory Coast,Wilfried Singo,Ivory Coast,179,2,2,1,0,3,4,4,95,79,30,20,1,1,6,5,11,0,54
Gonzalo Plata|Ecuador,Gonzalo Plata,Ecuador,193,2,6,4,0,1,5,0,94,76,21,15,6,0,9,4,14,2,54
Ghislain Konan|Ivory Coast,Ghislain Konan,Ivory Coast,195,2,2,1,0,0,4,1,104,83,38,24,1,0,5,3,7,0,54
Nicolas Pépé|Ivory Coast,Nicolas Pépé,Ivory Coast,89,2,2,2,0,0,2,1,38,30,8,6,0,0,4,3,7,0,54
Elye Wahi|Ivory Coast,Elye Wahi,Ivory Coast,55,1,2,1,0,0,2,0,10,6,1,0,0,0,0,0,0,1,54
Franck Kessie|Ivory Coast,Franck Kessie,Ivory Coast,195,2,2,2,1,4,1,0,91,84,21,20,1,0,2,1,12,0,54
John Yeboah|Ecuador,John Yeboah,Ecuador,149,2,6,3,0,0,0,0,73,59,13,7,4,0,4,2,6,3,54
Guéla Doué|Ivory Coast,Guéla Doué,Ivory Coast,104,2,0,0,0,4,4,4,71,65,23,21,2,0,0,0,6,0,54
Seko Fofana|Ivory Coast,Seko Fofana,Ivory Coast,99,2,5,3,0,1,0,0,45,39,6,3,1,0,1,1,5,1,54
Bazoumana Touré|Ivory Coast,Bazoumana Touré,Ivory Coast,55,1,0,0,0,0,1,1,16,7,4,0,0,0,3,0,1,0,54
Nilson Angulo|Ecuador,Nilson Angulo,Ecuador,69,2,1,1,0,1,3,0,28,21,6,4,1,0,5,2,2,1,54
Ange-Yoan Bonny|Ivory Coast,Ange-Yoan Bonny,Ivory Coast,117,2,1,1,0,1,7,2,19,15,3,2,0,0,1,1,3,0,54
Amad Diallo|Ivory Coast,Amad Diallo,Ivory Coast,117,2,3,3,1,0,0,0,37,33,4,4,3,0,12,6,7,1,54
Jackson Porozo|Ecuador,Jackson Porozo,Ecuador,37,1,0,0,0,2,0,0,12,12,0,0,0,0,0,0,0,0,54
Ángelo Preciado|Ecuador,Ángelo Preciado,Ecuador,50,2,0,0,0,0,1,0,23,12,5,2,0,0,2,1,2,0,54
Ibrahim Sangaré|Ivory Coast,Ibrahim Sangaré,Ivory Coast,96,2,0,0,0,0,4,2,47,43,8,6,0,0,0,0,2,1,54
Christ Inao Oulaï|Ivory Coast,Christ Inao Oulaï,Ivory Coast,119,2,2,0,0,2,3,1,58,53,14,12,1,0,6,5,5,0,54
Kevin Rodríguez|Ecuador,Kevin Rodríguez,Ecuador,72,2,4,1,0,0,10,2,15,11,1,1,2,0,3,0,3,0,54
Odilon Kossounou|Ivory Coast,Odilon Kossounou,Ivory Coast,107,2,0,0,0,0,3,2,51,49,12,10,0,0,2,1,4,0,54
Salem Al Dawsari|Saudi Arabia,Salem Al Dawsari,Saudi Arabia,196,2,2,1,0,1,6,0,60,45,11,8,0,0,6,5,6,0,54
Abdullah Al Khaibari|Saudi Arabia,Abdullah Al Khaibari,Saudi Arabia,143,2,1,0,0,0,1,0,42,34,5,4,0,0,2,2,7,0,54
Abdulelah Al Amri|Saudi Arabia,Abdulelah Al Amri,Saudi Arabia,157,2,3,2,1,1,4,3,49,39,17,9,0,0,0,0,5,0,54
Hassan Al Tambakti|Saudi Arabia,Hassan Al Tambakti,Saudi Arabia,196,2,1,1,1,0,4,1,64,52,21,10,0,0,0,0,3,0,54
Guillermo Varela|Uruguay,Guillermo Varela,Uruguay,196,2,2,1,0,1,7,7,124,101,32,24,2,0,0,0,3,0,54
Sebastián Cáceres|Uruguay,Sebastián Cáceres,Uruguay,196,2,3,1,0,2,12,6,150,128,51,35,0,0,1,0,5,0,54
Fernando Muslera|Uruguay,Fernando Muslera,Uruguay,196,2,0,0,0,0,0,0,57,50,34,27,0,0,0,0,7,0,54
Mathías Olivera|Uruguay,Mathías Olivera,Uruguay,196,2,1,1,0,1,15,9,188,176,31,27,5,0,3,1,11,0,54
Feras Al Brikan|Saudi Arabia,Feras Al Brikan,Saudi Arabia,151,2,0,0,0,1,16,7,39,25,7,4,0,0,0,0,6,0,54
Rodrigo Bentancur|Uruguay,Rodrigo Bentancur,Uruguay,196,2,3,2,0,4,10,4,141,119,28,19,2,0,4,4,19,0,54
Mohammed Abu Al Shamat|Saudi Arabia,Mohammed Abu Al Shamat,Saudi Arabia,119,2,0,0,0,2,3,1,46,35,9,2,0,0,1,0,5,1,54
Matías Viña|Uruguay,Matías Viña,Uruguay,45,1,0,0,0,0,2,1,33,23,8,3,1,0,1,0,6,0,54
Moteb Al Harbi|Saudi Arabia,Moteb Al Harbi,Saudi Arabia,190,2,0,0,0,0,3,1,66,47,24,16,0,0,4,1,5,0,54
Federico Valverde|Uruguay,Federico Valverde,Uruguay,196,2,10,6,0,1,1,0,116,88,31,19,0,0,4,4,5,0,54
Manuel Ugarte|Uruguay,Manuel Ugarte,Uruguay,140,2,3,1,0,1,4,1,123,108,22,14,1,0,3,1,8,1,54
Musab Al Juwayr|Saudi Arabia,Musab Al Juwayr,Saudi Arabia,107,2,0,0,0,1,2,0,52,37,8,3,1,0,2,0,7,0,54
Federico Viñas|Uruguay,Federico Viñas,Uruguay,158,2,5,4,0,0,11,8,26,15,3,0,0,0,2,1,4,0,54
Maxi Araújo|Uruguay,Maxi Araújo,Uruguay,160,2,4,3,2,2,2,1,50,37,7,4,8,1,6,1,5,0,54
Mohammed Al Owais|Saudi Arabia,Mohammed Al Owais,Saudi Arabia,196,2,0,0,0,0,1,1,65,33,51,19,0,0,0,0,3,0,54
Darwin Núñez|Uruguay,Darwin Núñez,Uruguay,74,2,1,0,0,1,5,1,10,9,1,1,1,0,2,1,2,1,54
Mohamed Kanno|Saudi Arabia,Mohamed Kanno,Saudi Arabia,151,2,2,2,0,1,6,4,65,60,16,12,0,0,1,0,6,0,54
Saud Abdulhamid|Saudi Arabia,Saud Abdulhamid,Saudi Arabia,190,2,1,0,0,2,4,2,77,60,19,9,0,0,0,0,7,0,54
Juan Manuel Sanabria|Uruguay,Juan Manuel Sanabria,Uruguay,151,2,3,2,0,0,3,1,101,78,16,12,3,0,1,0,2,0,54
Agustín Canobbio|Uruguay,Agustín Canobbio,Uruguay,151,2,3,1,1,4,3,1,65,54,7,7,2,0,5,1,7,0,54
Nasser Al Dawsari|Saudi Arabia,Nasser Al Dawsari,Saudi Arabia,125,2,0,0,0,3,3,2,51,44,8,6,0,0,3,2,7,0,54
Nicolás de la Cruz|Uruguay,Nicolás de la Cruz,Uruguay,56,2,3,2,0,0,0,0,41,33,12,8,4,0,0,0,4,0,54
Brian Rodríguez|Uruguay,Brian Rodríguez,Uruguay,36,2,3,2,0,0,0,0,28,14,6,4,2,0,2,1,1,0,54
Nawaf Bu Washl|Saudi Arabia,Nawaf Bu Washl,Saudi Arabia,18,1,0,0,0,1,0,0,5,4,1,1,0,0,0,0,1,0,54
Rodrigo Aguirre|Uruguay,Rodrigo Aguirre,Uruguay,9,1,0,0,0,0,1,0,1,0,0,0,0,0,0,0,0,0,54
Abdullah Al Hamddan|Saudi Arabia,Abdullah Al Hamddan,Saudi Arabia,59,2,1,1,0,0,0,0,10,5,1,0,0,0,1,1,0,0,54
Alaa Al Hejji|Saudi Arabia,Alaa Al Hejji,Saudi Arabia,45,2,0,0,0,0,1,1,18,16,2,2,0,0,0,0,0,0,54
Ali Lajami|Saudi Arabia,Ali Lajami,Saudi Arabia,104,2,0,0,0,0,1,1,25,19,7,3,0,0,0,0,1,0,54
Dailon Livramento|Cabo Verde,Dailon Livramento,Cabo Verde,60,1,1,0,0,0,6,2,4,3,1,0,0,0,0,0,1,0,54
Kevin Pina|Cabo Verde,Kevin Pina,Cabo Verde,165,2,2,2,1,1,6,4,45,33,10,2,2,0,3,2,6,0,54
Pico Lopes|Cabo Verde,Pico Lopes,Cabo Verde,193,2,1,0,0,0,5,4,75,58,30,15,0,0,0,0,4,0,54
Unai Simón|Spain,Unai Simón,Spain,193,2,0,0,0,0,0,0,59,58,37,36,0,0,0,0,8,0,54
Pau Cubarsí|Spain,Pau Cubarsí,Spain,193,2,1,1,0,0,3,2,208,205,53,51,3,0,0,0,12,0,54
Rodri|Spain,Rodri,Spain,184,2,3,1,0,1,6,5,247,229,48,41,4,0,1,1,11,2,54
Marc Cucurella|Spain,Marc Cucurella,Spain,193,2,3,2,0,3,2,2,142,128,20,15,2,0,3,2,2,0,54
Aymeric Laporte|Spain,Aymeric Laporte,Spain,193,2,2,1,0,1,11,4,199,189,51,43,2,1,0,0,7,0,54
Pedri|Spain,Pedri,Spain,164,2,3,2,0,1,1,1,178,147,39,28,5,0,5,3,13,4,54
Marcos Llorente|Spain,Marcos Llorente,Spain,95,1,0,0,0,1,3,2,92,85,9,8,3,0,0,0,4,1,54
Fabián Ruiz|Spain,Fabián Ruiz,Spain,99,2,5,1,0,0,1,1,105,98,23,21,1,0,0,0,6,1,54
Ferran Torres|Spain,Ferran Torres,Spain,133,2,6,4,0,3,2,2,43,30,4,2,0,0,4,2,7,0,54
Gavi|Spain,Gavi,Spain,70,1,1,1,0,2,4,4,32,26,3,2,0,0,0,0,2,2,54
Ryan Mendes|Cabo Verde,Ryan Mendes,Cabo Verde,193,2,3,2,0,0,8,3,34,25,7,5,1,0,2,2,7,0,54
Vozinha|Cabo Verde,Vozinha,Cabo Verde,193,2,0,0,0,0,1,1,87,57,63,33,0,0,0,0,1,0,54
Diney Borges|Cabo Verde,Diney Borges,Cabo Verde,193,2,2,1,0,0,8,4,79,57,34,16,0,0,2,1,8,0,54
Sidny Cabral|Cabo Verde,Sidny Cabral,Cabo Verde,173,2,2,1,0,2,4,2,55,38,17,8,1,0,7,2,7,0,54
Jamiro Monteiro|Cabo Verde,Jamiro Monteiro,Cabo Verde,157,2,2,1,0,0,0,0,45,38,8,2,1,0,3,0,6,0,54
Steven Moreira|Cabo Verde,Steven Moreira,Cabo Verde,193,2,1,1,0,0,5,1,66,48,21,10,0,0,1,1,3,0,54
Jovane Cabral|Cabo Verde,Jovane Cabral,Cabo Verde,60,1,1,0,0,0,1,0,13,10,3,2,0,0,1,1,6,0,54
Mikel Oyarzabal|Spain,Mikel Oyarzabal,Spain,140,2,10,5,2,1,7,4,24,16,2,1,2,1,1,0,4,0,54
Laros Duarte|Cabo Verde,Laros Duarte,Cabo Verde,88,2,2,2,0,0,4,0,16,14,4,3,2,0,3,1,3,0,54
Willy Semedo|Cabo Verde,Willy Semedo,Cabo Verde,35,1,0,0,0,0,1,1,9,6,2,0,0,0,2,0,1,0,54
Deroy Duarte|Cabo Verde,Deroy Duarte,Cabo Verde,88,2,0,0,0,1,0,0,18,14,2,2,1,0,0,0,4,0,54
Nuno da Costa|Cabo Verde,Nuno da Costa,Cabo Verde,76,2,0,0,0,0,6,3,14,9,4,2,0,0,3,2,5,0,54
Mikel Merino|Spain,Mikel Merino,Spain,63,2,2,2,0,1,1,1,27,22,4,3,3,0,1,0,2,1,54
Lamine Yamal|Spain,Lamine Yamal,Spain,70,2,7,3,1,1,0,0,64,49,10,5,2,0,8,4,4,0,54
João Paulo|Cabo Verde,João Paulo,Cabo Verde,20,1,0,0,0,0,0,0,6,2,6,2,0,0,0,0,0,0,54
Telmo Arcanjo|Cabo Verde,Telmo Arcanjo,Cabo Verde,62,2,0,0,0,0,2,0,16,13,4,1,2,0,1,1,1,0,54
Dani Olmo|Spain,Dani Olmo,Spain,75,2,2,0,0,1,1,1,50,45,5,5,2,1,3,1,3,0,54
Nico Williams|Spain,Nico Williams,Spain,46,2,0,0,0,0,0,0,16,12,0,0,0,0,3,0,1,0,54
Anis Ben Slimane|Tunisia,Anis Ben Slimane,Tunisia,178,2,0,0,0,0,8,5,73,56,11,7,1,0,3,0,3,0,54
Gabriel Gudmundsson|Sweden,Gabriel Gudmundsson,Sweden,156,2,0,0,0,3,4,3,62,43,17,7,0,0,4,1,6,0,54
Omar Rekik|Tunisia,Omar Rekik,Tunisia,191,2,1,1,1,0,5,3,104,79,53,31,0,0,0,0,8,0,54
Yasin Ayari|Sweden,Yasin Ayari,Sweden,174,2,7,4,2,2,3,2,61,39,16,6,1,0,7,1,7,1,54
Jesper Karlström|Sweden,Jesper Karlström,Sweden,138,2,1,1,0,3,4,2,44,33,13,4,2,0,1,1,4,0,54
Alexander Isak|Sweden,Alexander Isak,Sweden,184,2,4,4,1,1,5,1,55,43,14,12,5,2,3,1,5,1,54
Ellyes Skhiri|Tunisia,Ellyes Skhiri,Tunisia,161,2,0,0,0,0,0,0,75,64,26,17,0,0,1,0,11,0,54
Isak Hien|Sweden,Isak Hien,Sweden,191,2,0,0,0,2,11,5,112,102,21,11,1,0,0,0,8,0,54
Elias Saad|Tunisia,Elias Saad,Tunisia,116,2,1,0,0,1,3,0,29,23,0,0,0,0,5,1,4,0,54
Yan Valery|Tunisia,Yan Valery,Tunisia,166,2,0,0,0,4,5,1,53,34,15,3,0,0,5,4,4,0,54
Victor Lindelöf|Sweden,Victor Lindelöf,Sweden,191,2,1,0,0,3,3,2,116,108,29,23,0,0,0,0,4,0,54
Rani Khedira|Tunisia,Rani Khedira,Tunisia,87,2,1,1,0,1,0,0,19,15,5,3,0,0,0,0,2,1,54
Kristoffer Nordfeldt|Sweden,Kristoffer Nordfeldt,Sweden,191,2,0,0,0,0,0,0,66,45,45,24,0,0,0,0,1,0,54
Gustaf Lagerbielke|Sweden,Gustaf Lagerbielke,Sweden,191,2,1,1,0,1,11,4,108,82,41,21,1,0,1,1,4,0,54
Abdelmouhib Chamakh|Tunisia,Abdelmouhib Chamakh,Tunisia,96,1,0,0,0,0,0,0,23,15,18,10,0,0,0,0,0,0,54
Montassar Talbi|Tunisia,Montassar Talbi,Tunisia,191,2,1,0,0,1,5,3,90,83,21,15,0,0,0,0,3,0,54
Viktor Gyökeres|Sweden,Viktor Gyökeres,Sweden,191,2,10,7,1,2,4,3,40,35,6,5,7,0,3,1,5,0,54
Hannibal Mejbri|Tunisia,Hannibal Mejbri,Tunisia,191,2,2,0,0,3,3,1,95,69,38,22,3,1,3,2,7,0,54
Ali Abdi|Tunisia,Ali Abdi,Tunisia,186,2,0,0,0,4,7,4,59,38,13,5,0,0,4,2,5,0,54
Alexander Bernhardsson|Sweden,Alexander Bernhardsson,Sweden,144,2,0,0,0,0,4,2,55,37,23,8,1,0,5,1,9,0,54
Benjamin Nygren|Sweden,Benjamin Nygren,Sweden,119,2,1,0,0,3,4,2,37,31,4,4,1,0,2,2,5,0,54
Mohamed Amine Ben Hmida|Tunisia,Mohamed Amine Ben Hmida,Tunisia,146,2,0,0,0,0,4,0,84,69,41,27,0,0,0,0,13,0,54
Elliot Stroud|Sweden,Elliot Stroud,Sweden,35,2,0,0,0,0,1,0,15,11,4,2,1,0,0,0,1,0,54
Lucas Bergvall|Sweden,Lucas Bergvall,Sweden,72,2,1,1,0,2,0,0,32,27,7,4,1,0,1,1,3,1,54
Elias Achouri|Tunisia,Elias Achouri,Tunisia,30,2,1,1,0,0,0,0,6,6,2,2,0,0,0,0,2,0,54
Sebastian Tounekti|Tunisia,Sebastian Tounekti,Tunisia,89,2,0,0,0,1,0,0,15,12,1,1,0,0,2,0,1,0,54
Hadj Mahmoud|Tunisia,Hadj Mahmoud,Tunisia,25,1,0,0,0,0,0,0,8,8,4,4,0,0,0,0,1,0,54
Ismaël Gharbi|Tunisia,Ismaël Gharbi,Tunisia,64,2,1,1,0,0,1,0,14,11,1,0,0,0,3,0,2,0,54
Firas Chaouat|Tunisia,Firas Chaouat,Tunisia,44,2,0,0,0,0,4,1,8,7,0,0,0,0,0,0,2,0,54
Mattias Svanberg|Sweden,Mattias Svanberg,Sweden,13,1,1,1,1,0,0,0,2,1,1,0,0,0,0,0,0,0,54
Anthony Elanga|Sweden,Anthony Elanga,Sweden,48,2,1,1,1,0,1,0,16,9,4,3,0,0,1,1,1,0,54
Daniel Svensson|Sweden,Daniel Svensson,Sweden,6,1,0,0,0,0,0,0,5,4,2,1,0,0,0,0,0,0,54
Aurélien Tchouaméni|France,Aurélien Tchouaméni,France,99,1,0,0,0,0,3,3,70,63,11,8,0,0,0,0,6,0,54
Krépin Diatta|Senegal,Krépin Diatta,Senegal,199,2,0,0,0,0,5,3,132,117,34,23,2,0,5,4,11,1,54
Lamine Camara|Senegal,Lamine Camara,Senegal,137,2,2,0,0,2,3,0,65,55,7,3,1,0,4,2,6,0,54
Théo Hernández|France,Théo Hernández,France,99,1,1,1,0,0,2,2,49,45,8,6,0,0,2,0,5,0,54
Kalidou Koulibaly|Senegal,Kalidou Koulibaly,Senegal,170,2,0,0,0,0,2,1,82,70,24,17,0,0,0,0,9,0,54
Jules Koundé|France,Jules Koundé,France,181,2,0,0,0,1,7,2,117,96,23,11,2,0,0,0,8,1,54
Michael Olise|France,Michael Olise,France,166,2,5,4,0,0,1,1,104,86,26,21,7,2,8,5,11,2,54
Sadio Mané|Senegal,Sadio Mané,Senegal,199,2,1,1,0,2,8,3,72,59,7,7,5,1,9,6,6,0,54
Nicolas Jackson|Senegal,Nicolas Jackson,Senegal,182,2,4,2,0,2,10,5,38,29,6,3,3,1,2,0,4,0,54
El Hadji Malick Diouf|Senegal,El Hadji Malick Diouf,Senegal,152,2,0,0,0,2,9,4,83,66,19,11,1,0,1,1,8,0,54
Moussa Niakhaté|Senegal,Moussa Niakhaté,Senegal,199,2,0,0,0,0,4,3,156,136,44,30,0,0,1,1,3,0,54
Pape Gueye|Senegal,Pape Gueye,Senegal,135,2,0,0,0,1,1,1,79,70,23,17,0,0,4,0,9,0,54
Idrissa Gueye|Senegal,Idrissa Gueye,Senegal,187,2,2,1,0,1,0,0,132,120,39,32,1,0,0,0,8,1,54
Mike Maignan|France,Mike Maignan,France,191,2,0,0,0,0,0,0,58,46,34,22,0,0,0,0,3,0,54
William Saliba|France,William Saliba,France,191,2,1,0,0,0,8,4,136,130,19,15,0,0,0,0,5,0,54
Dayot Upamecano|France,Dayot Upamecano,France,191,2,0,0,0,2,7,3,158,145,60,50,2,0,0,0,13,0,54
Ousmane Dembélé|France,Ousmane Dembélé,France,146,2,5,4,1,0,0,0,84,64,17,9,3,1,9,3,6,0,54
Adrien Rabiot|France,Adrien Rabiot,France,191,2,1,0,0,3,3,3,123,118,23,22,2,1,0,0,9,0,54
Kylian Mbappé|France,Kylian Mbappé,France,189,2,12,8,4,3,0,0,56,50,10,9,2,0,15,3,8,1,54
Édouard Mendy|Senegal,Édouard Mendy,Senegal,161,2,0,0,0,0,0,0,59,49,30,20,0,0,0,0,7,0,54
Désiré Doué|France,Désiré Doué,France,111,2,2,1,0,0,2,1,48,41,10,7,1,0,4,1,5,0,54
Ismaïla Sarr|Senegal,Ismaïla Sarr,Senegal,174,2,9,6,2,0,6,1,31,24,7,4,1,0,7,2,2,0,54
Ibrahim Mbaye|Senegal,Ibrahim Mbaye,Senegal,72,2,2,2,1,0,4,3,28,22,6,4,2,0,4,2,3,0,54
Habib Diarra|Senegal,Habib Diarra,Senegal,24,1,0,0,0,2,0,0,9,8,0,0,0,0,0,0,2,0,54
Bradley Barcola|France,Bradley Barcola,France,102,2,2,1,1,0,2,2,40,31,5,2,0,0,6,3,5,0,54
Iliman Ndiaye|Senegal,Iliman Ndiaye,Senegal,17,1,0,0,0,0,0,0,10,9,3,2,1,0,0,0,1,0,54
Bamba Dieng|Senegal,Bamba Dieng,Senegal,17,1,0,0,0,0,1,0,3,3,0,0,0,0,0,0,1,0,54
Rayan Cherki|France,Rayan Cherki,France,38,2,0,0,0,0,0,0,29,23,5,3,1,0,2,1,5,0,54
Pathé Ciss|Senegal,Pathé Ciss,Senegal,50,2,0,0,0,1,1,1,36,31,9,6,0,0,0,0,2,0,54
Chris Wood|New Zealand,Chris Wood,New Zealand,195,2,5,3,0,1,20,12,42,31,7,2,3,1,2,0,1,0,54
Joe Bell|New Zealand,Joe Bell,New Zealand,195,2,1,1,0,3,4,2,109,90,26,17,1,0,2,2,10,1,54
Tim Payne|New Zealand,Tim Payne,New Zealand,161,2,0,0,0,2,4,1,70,51,28,18,1,1,0,0,6,0,54
Sarpreet Singh|New Zealand,Sarpreet Singh,New Zealand,166,2,4,2,0,2,4,1,72,49,19,5,1,0,7,2,8,1,54
Callum McCowatt|New Zealand,Callum McCowatt,New Zealand,132,2,4,3,0,2,5,4,68,53,8,4,0,0,2,2,9,0,54
Milad Mohammadi|Iran,Milad Mohammadi,Iran,125,2,0,0,0,0,1,0,67,50,27,15,1,0,2,0,3,0,54
Finn Surman|New Zealand,Finn Surman,New Zealand,195,2,2,1,1,3,6,2,100,95,29,27,1,0,0,0,9,0,54
Mohammad Mohebbi|Iran,Mohammad Mohebbi,Iran,160,2,2,2,1,0,5,3,40,26,11,4,0,0,0,0,7,0,54
Mehdi Taremi|Iran,Mehdi Taremi,Iran,174,2,3,1,0,2,15,8,59,44,10,4,3,0,4,1,12,0,54
Ramin Rezaeian|Iran,Ramin Rezaeian,Iran,190,2,1,1,1,0,4,2,84,54,44,25,5,1,1,1,9,0,54
Arya Yousefi|Iran,Arya Yousefi,Iran,45,1,1,1,0,0,0,0,19,17,4,3,1,0,2,0,3,0,54
Saeid Ezatolahi|Iran,Saeid Ezatolahi,Iran,179,2,4,2,0,4,9,4,69,56,19,11,0,0,1,1,10,1,54
Alireza Beiranvand|Iran,Alireza Beiranvand,Iran,190,2,0,0,0,0,0,0,59,43,45,29,0,0,2,2,2,0,54
Ali Nemati|Iran,Ali Nemati,Iran,190,2,1,0,0,1,6,4,84,72,29,18,2,0,0,0,4,0,54
Michael Boxall|New Zealand,Michael Boxall,New Zealand,195,2,0,0,0,1,6,2,107,93,25,20,0,0,1,0,4,0,54
Marko Stamenic|New Zealand,Marko Stamenic,New Zealand,191,2,3,2,0,2,7,3,114,100,31,21,2,0,3,1,8,0,54
Shahriyar Moghanloo|Iran,Shahriyar Moghanloo,Iran,69,2,3,1,0,1,13,7,23,10,5,2,0,0,0,0,5,0,54
Saman Ghoddos|Iran,Saman Ghoddos,Iran,142,2,2,0,0,1,3,2,46,32,18,7,1,0,1,0,6,1,54
Elijah Just|New Zealand,Elijah Just,New Zealand,179,2,4,4,2,2,4,1,57,49,16,13,1,0,7,2,12,1,54
Max Crocombe|New Zealand,Max Crocombe,New Zealand,195,2,0,0,0,0,0,0,75,54,58,37,1,0,0,0,4,0,54
Shoja Khalilzadeh|Iran,Shoja Khalilzadeh,Iran,190,2,1,0,0,3,9,7,83,69,23,10,0,0,0,0,7,0,54
Liberato Cacace|New Zealand,Liberato Cacace,New Zealand,142,2,1,1,0,1,2,0,55,43,17,14,2,0,5,2,7,1,54
Mehdi Ghayedi|Iran,Mehdi Ghayedi,Iran,50,1,1,1,0,2,3,1,13,7,4,1,1,0,2,0,1,0,54
Ali Alipour|Iran,Ali Alipour,Iran,43,1,1,1,0,1,1,0,9,5,4,3,0,0,0,0,1,0,54
Ehsan Hajisafi|Iran,Ehsan Hajisafi,Iran,96,2,1,1,0,2,1,1,22,10,9,1,0,0,0,0,6,0,54
Ryan Thomas|New Zealand,Ryan Thomas,New Zealand,53,2,0,0,0,2,3,1,15,8,4,2,0,0,2,0,1,1,54
Ben Old|New Zealand,Ben Old,New Zealand,63,2,0,0,0,0,1,0,20,14,6,3,0,0,1,0,3,0,54
Callan Elliot|New Zealand,Callan Elliot,New Zealand,18,1,0,0,0,0,3,1,9,6,3,2,0,0,0,0,1,0,54
Amirhossein Hosseinzadeh|Iran,Amirhossein Hosseinzadeh,Iran,27,2,1,1,0,0,2,0,15,12,3,2,1,0,1,0,1,0,54
Jesse Randall|New Zealand,Jesse Randall,New Zealand,29,2,0,0,0,0,1,0,4,3,0,0,1,0,1,1,2,0,54
Tyler Bindon|New Zealand,Tyler Bindon,New Zealand,20,2,1,1,0,1,4,2,13,9,6,5,0,0,1,1,2,0,54
Amir Al Ammari|Iraq,Amir Al Ammari,Iraq,164,2,0,0,0,2,3,1,101,86,25,14,3,1,1,1,6,0,54
David Møller Wolfe|Norway,David Møller Wolfe,Norway,172,2,0,0,0,5,5,2,78,63,21,14,1,1,2,1,6,0,54
Akam Hashim|Iraq,Akam Hashim,Iraq,189,2,1,0,0,0,4,1,123,110,26,15,0,0,4,4,4,0,54
Zaid Ismael|Iraq,Zaid Ismael,Iraq,117,2,0,0,0,2,4,2,72,63,12,8,0,0,1,0,9,0,54
Ørjan Nyland|Norway,Ørjan Nyland,Norway,197,2,0,0,0,0,0,0,79,53,63,37,0,0,0,0,3,0,54
Kristoffer Ajer|Norway,Kristoffer Ajer,Norway,197,2,1,1,0,0,12,9,99,86,21,11,0,0,0,0,9,0,54
Torbjørn Heggem|Norway,Torbjørn Heggem,Norway,180,2,0,0,0,1,7,4,128,118,31,24,0,0,1,1,4,0,54
Hussein Ali|Iraq,Hussein Ali,Iraq,164,2,1,0,0,1,2,1,42,32,13,6,0,0,2,0,0,0,54
Zaid Tahseen|Iraq,Zaid Tahseen,Iraq,156,2,2,0,0,3,3,1,65,52,24,15,0,0,0,0,4,0,54
Jalal Hassan|Iraq,Jalal Hassan,Iraq,97,1,0,0,0,0,0,0,35,28,21,14,0,0,0,0,0,0,54
Fredrik Aursnes|Norway,Fredrik Aursnes,Norway,117,2,0,0,0,4,4,2,48,46,7,6,1,0,1,0,2,0,54
Alexander Sørloth|Norway,Alexander Sørloth,Norway,155,2,2,2,0,4,14,8,48,36,8,5,1,0,6,0,6,0,54
Aymen Hussein|Iraq,Aymen Hussein,Iraq,122,2,4,2,2,2,14,6,20,14,4,3,1,0,0,0,1,0,54
Julian Ryerson|Norway,Julian Ryerson,Norway,109,2,0,0,0,2,1,0,81,64,16,11,4,0,5,1,3,1,54
Martin Ødegaard|Norway,Martin Ødegaard,Norway,180,2,4,2,0,1,0,0,94,81,18,12,2,2,4,0,6,0,54
Antonio Nusa|Norway,Antonio Nusa,Norway,142,2,2,1,0,0,2,1,34,23,11,6,1,0,8,2,3,0,54
Erling Haaland|Norway,Erling Haaland,Norway,197,2,10,8,4,4,10,7,20,10,1,0,2,0,2,1,2,0,54
Merchas Doski|Iraq,Merchas Doski,Iraq,189,2,0,0,0,1,0,0,110,97,22,13,2,0,5,1,10,0,54
Sander Berge|Norway,Sander Berge,Norway,197,2,0,0,0,2,2,1,128,118,25,19,0,0,1,1,16,0,54
Ali Jasim|Iraq,Ali Jasim,Iraq,72,1,0,0,0,0,1,0,20,15,4,3,1,0,5,2,1,0,54
Ibrahim Bayesh|Iraq,Ibrahim Bayesh,Iraq,145,2,1,1,0,1,6,3,38,30,9,4,1,0,4,1,8,0,54
Ali Al Hamadi|Iraq,Ali Al Hamadi,Iraq,125,2,6,2,0,1,6,2,29,21,2,1,0,0,4,2,8,0,54
Zidane Iqbal|Iraq,Zidane Iqbal,Iraq,131,2,0,0,0,1,0,0,93,85,12,9,1,0,5,3,5,0,54
Marko Farji|Iraq,Marko Farji,Iraq,63,2,0,0,0,0,0,0,12,8,2,1,1,0,3,1,2,0,54
Andreas Schjelderup|Norway,Andreas Schjelderup,Norway,55,2,0,0,0,0,2,0,13,11,2,2,1,0,3,1,1,0,54
Kristian Thorstvedt|Norway,Kristian Thorstvedt,Norway,25,1,2,1,0,0,0,0,10,10,2,2,0,0,0,0,1,0,54
Oscar Bobb|Norway,Oscar Bobb,Norway,42,2,1,1,0,0,0,0,23,21,1,0,1,0,0,0,3,0,54
Leo Østigård|Norway,Leo Østigård,Norway,42,2,2,1,1,0,1,1,22,19,9,6,0,0,0,0,1,0,54
Mustafa Saadoon|Iraq,Mustafa Saadoon,Iraq,25,1,0,0,0,2,0,0,1,1,0,0,0,0,0,0,0,0,54
Ahmed Qasem|Iraq,Ahmed Qasem,Iraq,117,2,0,0,0,0,2,1,16,12,1,1,1,0,1,1,5,0,54
Mohanad Ali|Iraq,Mohanad Ali,Iraq,20,1,0,0,0,0,0,0,2,1,0,0,0,0,0,0,0,0,54
Patrick Berg|Norway,Patrick Berg,Norway,72,2,0,0,0,2,0,0,24,23,1,1,1,1,2,2,1,0,54
Lautaro Martínez|Argentina,Lautaro Martínez,Argentina,118,2,1,1,0,4,3,0,23,20,2,1,0,0,4,0,4,0,54
Alexis Mac Allister|Argentina,Alexis Mac Allister,Argentina,193,2,2,1,0,4,4,0,130,122,17,14,1,0,0,0,10,0,54
Rodrigo De Paul|Argentina,Rodrigo De Paul,Argentina,177,2,0,0,0,0,1,1,105,93,14,10,1,0,2,1,10,1,54
Lisandro Martínez|Argentina,Lisandro Martínez,Argentina,193,2,0,0,0,1,4,3,140,133,31,24,1,0,0,0,6,0,54
Enzo Fernández|Argentina,Enzo Fernández,Argentina,193,2,2,2,0,3,3,2,137,126,22,16,2,0,3,1,14,0,54
Cristian Romero|Argentina,Cristian Romero,Argentina,135,2,0,0,0,3,4,3,114,111,20,18,0,0,0,0,4,0,54
Facundo Medina|Argentina,Facundo Medina,Argentina,177,2,0,0,0,3,3,1,92,85,8,6,1,1,0,0,5,0,54
Rafik Belghali|Algeria,Rafik Belghali,Algeria,193,2,1,1,0,3,4,2,119,109,23,20,2,0,4,2,4,0,54
Anis Hadj Moussa|Algeria,Anis Hadj Moussa,Algeria,85,2,2,2,0,0,0,0,32,25,2,2,3,0,10,2,4,1,54
Nabil Bentaleb|Algeria,Nabil Bentaleb,Algeria,133,2,1,1,0,0,4,0,102,92,28,20,2,0,3,0,3,1,54
Aïssa Mandi|Algeria,Aïssa Mandi,Algeria,193,2,0,0,0,0,6,2,196,179,61,50,1,0,0,0,8,0,54
Ramy Bensebaini|Algeria,Ramy Bensebaini,Algeria,193,2,1,1,0,1,7,3,174,158,61,49,0,0,1,1,12,0,54
Luca Zidane|Algeria,Luca Zidane,Algeria,193,2,0,0,0,0,0,0,66,62,25,21,0,0,0,0,4,0,54
Emiliano Martínez|Argentina,Emiliano Martínez,Argentina,193,2,0,0,0,0,0,0,67,51,29,13,0,0,0,0,2,0,54
Gonzalo Montiel|Argentina,Gonzalo Montiel,Argentina,45,1,0,0,0,1,0,0,22,20,4,2,0,0,0,0,0,0,54
Lionel Messi|Argentina,Lionel Messi,Argentina,176,2,13,8,5,1,0,0,82,62,21,16,4,0,9,3,8,0,54
Rayan Aït-Nouri|Algeria,Rayan Aït-Nouri,Algeria,180,2,1,0,0,3,0,0,133,113,30,23,0,0,10,4,9,6,54
Farès Chaïbi|Algeria,Farès Chaïbi,Algeria,193,2,5,2,0,1,4,3,115,91,20,12,2,0,2,1,10,0,54
Ibrahim Maza|Algeria,Ibrahim Maza,Algeria,177,2,5,3,0,0,2,2,84,69,13,6,2,0,15,7,4,1,54
Thiago Almada|Argentina,Thiago Almada,Argentina,117,2,1,0,0,0,2,1,73,63,5,3,1,0,1,0,8,1,54
Hicham Boudaoui|Algeria,Hicham Boudaoui,Algeria,108,2,0,0,0,2,1,1,76,73,11,11,2,0,2,1,9,0,54
Amine Gouiri|Algeria,Amine Gouiri,Algeria,148,2,3,2,1,1,2,0,36,32,2,0,1,0,3,1,3,0,54
Nahuel Molina|Argentina,Nahuel Molina,Argentina,148,2,0,0,0,1,2,0,68,53,14,5,1,0,2,2,6,0,54
Nico González|Argentina,Nico González,Argentina,75,2,2,1,0,0,2,2,22,15,3,1,1,1,4,1,2,0,54
Julián Alvarez|Argentina,Julián Alvarez,Argentina,76,2,1,1,0,1,3,0,19,16,0,0,0,0,0,0,3,0,54
Houssem Aouar|Algeria,Houssem Aouar,Algeria,33,1,1,0,0,0,0,0,21,21,2,2,0,0,1,0,3,0,54
Mohammed Amoura|Algeria,Mohammed Amoura,Algeria,33,1,0,0,0,1,0,0,7,7,0,0,1,0,0,0,0,0,54
Riyad Mahrez|Algeria,Riyad Mahrez,Algeria,108,2,2,2,0,0,0,0,62,52,10,8,3,1,6,1,3,0,54
Nico Paz|Argentina,Nico Paz,Argentina,17,1,0,0,0,1,0,0,4,4,2,2,0,0,0,0,2,0,54
Nicolás Otamendi|Argentina,Nicolás Otamendi,Argentina,58,2,0,0,0,2,1,0,42,38,6,5,0,0,0,0,1,0,54
Adil Boulbina|Algeria,Adil Boulbina,Algeria,16,1,0,0,0,0,0,0,11,11,0,0,0,0,3,0,1,0,54
Ramiz Zerrouki|Algeria,Ramiz Zerrouki,Algeria,60,2,0,0,0,2,1,1,75,69,15,12,0,0,0,0,4,0,54
Sasa Kalajdzic|Austria,Sasa Kalajdzic,Austria,45,1,2,0,0,1,3,1,15,10,1,1,1,0,4,1,0,0,54
Xaver Schlager|Austria,Xaver Schlager,Austria,155,2,0,0,0,5,4,3,109,102,16,15,1,1,1,0,12,1,54
Marcel Sabitzer|Austria,Marcel Sabitzer,Austria,199,2,4,2,0,0,1,0,97,66,25,15,2,0,4,1,9,0,54
David Alaba|Austria,David Alaba,Austria,124,2,1,0,0,0,4,3,111,99,37,27,0,0,2,1,1,0,54
Philipp Lienhart|Austria,Philipp Lienhart,Austria,102,1,0,0,0,0,2,2,88,79,21,13,0,0,0,0,9,0,54
Abdallah Nasib|Jordan,Abdallah Nasib,Jordan,177,2,0,0,0,1,5,3,62,45,27,15,0,0,0,0,4,0,54
Nizar Al Rashdan|Jordan,Nizar Al Rashdan,Jordan,199,2,2,1,1,4,7,3,55,38,14,8,1,0,8,5,11,0,54
Nicolas Seiwald|Austria,Nicolas Seiwald,Austria,199,2,0,0,0,1,4,2,115,106,18,15,1,0,0,0,8,2,54
Alexander Schlager|Austria,Alexander Schlager,Austria,199,2,0,0,0,0,1,1,60,49,30,19,0,0,0,0,3,0,54
Stefan Posch|Austria,Stefan Posch,Austria,169,2,2,0,0,4,5,4,82,58,20,8,1,0,1,0,5,0,54
Mohammad Abu Al Nadi|Jordan,Mohammad Abu Al Nadi,Jordan,71,1,0,0,0,0,1,0,34,26,16,10,0,0,0,0,5,0,54
Mohannad Abu Taha|Jordan,Mohannad Abu Taha,Jordan,186,2,0,0,0,1,4,3,67,48,19,9,2,0,5,3,15,0,54
Yazeed Abulaila|Jordan,Yazeed Abulaila,Jordan,199,2,0,0,0,0,3,3,49,30,37,18,0,0,0,0,0,0,54
Konrad Laimer|Austria,Konrad Laimer,Austria,199,2,1,0,0,4,1,0,97,82,18,13,0,0,1,1,3,0,54
Mousa Al Tamari|Jordan,Mousa Al Tamari,Jordan,170,2,6,3,0,2,5,1,22,18,6,5,1,0,10,4,3,0,54
Odeh Fakhoury|Jordan,Odeh Fakhoury,Jordan,110,2,1,1,0,1,6,0,16,11,3,3,2,0,3,1,2,0,54
Ehsan Haddad|Jordan,Ehsan Haddad,Jordan,177,2,1,0,0,2,2,1,53,34,21,10,2,0,2,0,4,0,54
Phillipp Mwene|Austria,Phillipp Mwene,Austria,58,1,0,0,0,1,1,1,32,24,4,3,1,0,0,0,2,0,54
Noor Al Rawabdeh|Jordan,Noor Al Rawabdeh,Jordan,199,2,1,0,0,1,3,0,70,56,22,12,2,0,5,2,12,0,54
Ali Olwan|Jordan,Ali Olwan,Jordan,193,2,6,4,1,0,9,4,45,24,11,4,2,0,14,5,9,0,54
Romano Schmid|Austria,Romano Schmid,Austria,159,2,1,1,1,2,2,0,52,36,14,6,1,0,4,3,8,1,54
Yazan Al Arab|Jordan,Yazan Al Arab,Jordan,199,2,1,1,1,1,6,5,71,60,23,12,0,0,1,0,7,0,54
Marko Arnautovic|Austria,Marko Arnautovic,Austria,87,2,2,2,1,0,3,1,15,11,0,0,0,0,0,0,1,0,54
Paul Wanner|Austria,Paul Wanner,Austria,111,2,1,0,0,2,4,2,46,38,11,6,0,0,7,1,4,2,54
Kevin Danso|Austria,Kevin Danso,Austria,141,2,0,0,0,1,5,4,107,93,25,17,1,0,3,2,2,0,54
Carney Chukwuemeka|Austria,Carney Chukwuemeka,Austria,57,2,1,1,0,1,2,1,17,15,2,2,0,0,3,0,1,0,54
Saleem Obaid|Jordan,Saleem Obaid,Jordan,38,2,0,0,0,1,0,0,16,10,6,1,0,0,0,0,0,0,54
Saed Al Rosan|Jordan,Saed Al Rosan,Jordan,22,1,0,0,0,0,1,1,14,12,2,1,0,0,0,0,0,0,54
Mahmoud Al Mardi|Jordan,Mahmoud Al Mardi,Jordan,97,2,1,1,0,2,2,0,36,26,11,8,1,0,4,0,5,0,54
Patrick Wimmer|Austria,Patrick Wimmer,Austria,40,2,1,0,0,3,3,2,12,7,3,2,0,0,3,0,2,0,54
Mohammad Al Daoud|Jordan,Mohammad Al Daoud,Jordan,15,1,0,0,0,0,0,0,5,2,3,1,0,0,1,1,1,0,54
Ali Azaizeh|Jordan,Ali Azaizeh,Jordan,28,2,1,0,0,1,0,0,7,5,0,0,0,0,1,1,0,0,54
Declan Rice|England,Declan Rice,England,167,2,4,2,0,2,2,2,105,83,19,13,9,1,5,3,8,1,54
Jordan Pickford|England,Jordan Pickford,England,192,2,0,0,0,0,0,0,85,71,46,32,0,0,0,0,8,0,54
Luka Vuskovic|Croatia,Luka Vuskovic,Croatia,65,1,0,0,0,1,0,0,42,37,4,1,0,0,3,1,6,0,54
Martin Baturina|Croatia,Martin Baturina,Croatia,172,2,2,1,1,0,7,3,61,48,9,7,1,0,10,7,6,0,54
Harry Kane|England,Harry Kane,England,192,2,10,6,2,3,5,3,31,21,9,5,2,0,1,1,2,0,54
Josko Gvardiol|Croatia,Josko Gvardiol,Croatia,141,2,1,1,0,2,2,2,81,69,29,20,0,0,1,0,8,0,54
Ivan Perisic|Croatia,Ivan Perisic,Croatia,191,2,0,0,0,2,9,4,86,69,15,9,5,1,1,0,5,0,54
Ezri Konsa|England,Ezri Konsa,England,192,2,2,1,0,3,5,1,189,183,35,30,0,0,0,0,3,0,54
John Stones|England,John Stones,England,86,1,0,0,0,1,3,2,65,62,15,13,0,0,0,0,5,0,54
Dominik Livakovic|Croatia,Dominik Livakovic,Croatia,191,2,0,0,0,0,1,1,68,48,38,18,0,0,0,0,1,0,54
Josip Sutalo|Croatia,Josip Sutalo,Croatia,191,2,1,0,0,2,8,6,150,132,39,24,0,0,1,1,7,0,54
Petar Musa|Croatia,Petar Musa,Croatia,110,2,1,1,1,1,14,4,15,7,3,1,0,0,1,0,1,1,54
Elliot Anderson|England,Elliot Anderson,England,169,2,5,3,0,5,8,5,132,116,28,17,1,0,0,0,13,1,54
Nico O'Reilly|England,Nico O'Reilly,England,127,2,4,1,0,1,6,5,63,54,10,8,2,0,5,3,2,0,54
Josip Stanisic|Croatia,Josip Stanisic,Croatia,191,2,0,0,0,0,4,2,85,76,20,15,2,1,3,2,10,0,54
Noni Madueke|England,Noni Madueke,England,153,2,3,2,0,0,2,0,53,43,10,7,4,0,8,1,3,0,54
Luka Modric|Croatia,Luka Modric,Croatia,137,2,1,0,0,2,0,0,108,96,23,17,1,0,1,0,5,0,54
Petar Sucic|Croatia,Petar Sucic,Croatia,120,2,1,0,0,4,0,0,55,46,12,7,1,1,2,1,7,0,54
Reece James|England,Reece James,England,192,2,1,1,0,1,9,3,128,113,17,10,2,0,1,0,8,0,54
Jude Bellingham|England,Jude Bellingham,England,151,2,4,3,1,2,2,0,57,45,12,7,1,0,3,1,6,1,54
Mario Pasalic|Croatia,Mario Pasalic,Croatia,92,2,1,0,0,2,1,1,30,28,6,6,0,0,0,0,4,0,54
Anthony Gordon|England,Anthony Gordon,England,135,2,3,3,0,1,0,0,37,32,7,4,2,0,7,2,2,0,54
Mateo Kovacic|Croatia,Mateo Kovacic,Croatia,110,2,1,1,0,2,2,0,92,90,11,10,0,0,0,0,2,0,54
Igor Matanovic|Croatia,Igor Matanovic,Croatia,31,1,1,1,0,2,2,1,1,0,0,0,0,0,0,0,0,0,54
Marco Pasalic|Croatia,Marco Pasalic,Croatia,102,2,3,2,0,0,5,0,40,21,9,3,1,0,4,3,6,1,54
Morgan Rogers|England,Morgan Rogers,England,49,2,0,0,0,1,2,1,15,9,4,3,2,0,1,0,3,0,54
Bukayo Saka|England,Bukayo Saka,England,57,2,2,1,0,0,0,0,15,13,1,1,1,1,3,2,1,0,54
Marcus Rashford|England,Marcus Rashford,England,39,2,1,1,1,2,1,0,16,10,7,4,0,0,3,0,2,0,54
Andrej Kramaric|Croatia,Andrej Kramaric,Croatia,69,2,1,1,0,0,0,0,20,16,2,2,0,0,0,0,3,0,54
Nikola Vlasic|Croatia,Nikola Vlasic,Croatia,19,1,0,0,0,1,0,0,5,2,2,0,0,0,0,0,0,0,54
Djed Spence|England,Djed Spence,England,82,2,1,1,0,0,0,0,57,52,7,6,0,0,0,0,1,0,54
Marc Guéhi|England,Marc Guéhi,England,106,2,1,0,0,2,6,5,136,133,18,16,0,0,0,0,3,0,54
Cristiano Ronaldo|Portugal,Cristiano Ronaldo,Portugal,189,2,10,6,2,1,4,3,40,32,5,2,0,0,1,0,2,1,54
João Neves|Portugal,João Neves,Portugal,169,2,1,1,1,0,3,1,145,140,28,26,1,0,1,0,8,0,54
João Cancelo|Portugal,João Cancelo,Portugal,139,2,1,1,0,4,1,0,116,98,24,16,2,1,6,3,8,1,54
Tomás Araújo|Portugal,Tomás Araújo,Portugal,94,1,0,0,0,1,2,1,104,98,44,38,1,0,0,0,7,0,54
Vitinha|Portugal,Vitinha,Portugal,164,2,1,0,0,3,0,0,227,216,60,53,1,0,2,1,7,0,54
Renato Veiga|Portugal,Renato Veiga,Portugal,189,2,0,0,0,2,6,3,159,150,58,52,0,0,1,0,8,0,54
Nuno Mendes|Portugal,Nuno Mendes,Portugal,166,2,1,1,1,3,4,2,148,117,33,19,3,0,11,3,7,1,54
Pedro Neto|Portugal,Pedro Neto,Portugal,116,2,0,0,0,1,0,0,66,59,5,4,1,1,4,1,3,0,54
Bernardo Silva|Portugal,Bernardo Silva,Portugal,65,2,0,0,0,1,0,0,37,36,4,4,0,0,0,0,4,0,54
Bruno Fernandes|Portugal,Bruno Fernandes,Portugal,189,2,4,3,0,2,5,5,163,133,41,28,3,1,1,1,3,0,54
Edo Kayembe|DR Congo,Edo Kayembe,DR Congo,144,2,2,1,0,5,4,1,36,28,5,3,1,0,3,2,6,0,54
Chancel Mbemba|DR Congo,Chancel Mbemba,DR Congo,190,2,1,0,0,1,3,0,71,52,25,13,1,0,0,0,5,0,54
Aaron Wan-Bissaka|DR Congo,Aaron Wan-Bissaka,DR Congo,180,2,0,0,0,1,4,1,60,43,28,17,0,0,4,1,9,1,54
Yoane Wissa|DR Congo,Yoane Wissa,DR Congo,190,2,3,2,1,4,5,3,32,27,3,2,1,0,3,0,5,0,54
Ngal'ayel Mukau|DR Congo,Ngal'ayel Mukau,DR Congo,101,2,0,0,0,0,1,0,36,28,8,5,1,0,1,1,7,0,54
Axel Tuanzebe|DR Congo,Axel Tuanzebe,DR Congo,190,2,0,0,0,2,3,0,42,35,12,5,0,0,0,0,3,0,54
Samuel Moutoussamy|DR Congo,Samuel Moutoussamy,DR Congo,175,2,3,2,0,5,3,1,54,42,18,8,0,0,2,1,5,0,54
Arthur Masuaku|DR Congo,Arthur Masuaku,DR Congo,145,2,0,0,0,0,1,0,58,39,25,15,3,1,4,1,8,0,54
Steve Kapuadi|DR Congo,Steve Kapuadi,DR Congo,190,2,1,0,0,2,2,1,56,47,18,10,2,0,0,0,6,0,54
Cédric Bakambu|DR Congo,Cédric Bakambu,DR Congo,140,2,3,1,0,2,10,5,23,16,4,2,1,0,2,2,2,0,54
Lionel Mpasi|DR Congo,Lionel Mpasi,DR Congo,190,2,0,0,0,0,0,0,64,37,41,14,0,0,0,0,0,0,54
Diogo Costa|Portugal,Diogo Costa,Portugal,189,2,0,0,0,0,1,1,52,43,36,28,0,0,0,0,5,0,54
Francisco Conceição|Portugal,Francisco Conceição,Portugal,99,2,1,1,0,1,0,0,60,53,4,2,3,0,5,2,6,1,54
Noah Sadiki|DR Congo,Noah Sadiki,DR Congo,89,2,0,0,0,0,0,0,25,20,5,2,1,0,1,0,1,0,54
Rafael Leão|Portugal,Rafael Leão,Portugal,36,2,1,1,1,1,1,0,14,13,2,2,1,0,4,2,0,0,54
Nélson Semedo|Portugal,Nélson Semedo,Portugal,73,2,0,0,0,1,0,0,61,53,22,18,0,0,1,1,4,0,54
Charles Pickel|DR Congo,Charles Pickel,DR Congo,46,2,1,0,0,2,1,1,22,19,4,2,0,0,0,0,0,0,54
Joris Kayembe|DR Congo,Joris Kayembe,DR Congo,45,2,1,1,0,0,0,0,16,11,7,2,0,0,1,0,3,0,54
Gonçalo Ramos|Portugal,Gonçalo Ramos,Portugal,12,1,0,0,0,0,0,0,2,2,0,0,0,0,0,0,0,0,54
Gédéon Kalulu|DR Congo,Gédéon Kalulu,DR Congo,10,1,0,0,0,0,1,1,7,5,3,1,0,0,0,0,0,0,54
Simon Banza|DR Congo,Simon Banza,DR Congo,50,2,0,0,0,1,5,3,8,4,2,0,1,0,1,0,1,0,54
Sultan Al Brake|Qatar,Sultan Al Brake,Qatar,156,2,0,0,0,2,1,0,47,33,11,2,1,0,1,1,3,0,54
Mohammad Al Manai|Qatar,Mohammad Al Manai,Qatar,72,2,1,1,1,3,0,0,7,6,3,2,0,0,0,0,1,0,54
Moïse Bombito|Canada,Moïse Bombito,Canada,54,1,0,0,0,1,0,0,40,39,9,9,0,0,0,0,0,0,54
Nathan Saliba|Canada,Nathan Saliba,Canada,139,2,3,2,1,2,5,2,76,67,18,15,3,1,5,3,9,1,54
Al Hashmi Al Hussain|Qatar,Al Hashmi Al Hussain,Qatar,41,1,0,0,0,2,4,1,0,0,0,0,0,0,0,0,0,1,54
Niko Sigur|Canada,Niko Sigur,Canada,17,1,1,1,0,0,0,0,17,15,4,4,0,0,0,0,0,0,54
Lucas Mendes|Qatar,Lucas Mendes,Qatar,13,1,0,0,0,0,0,0,0,0,0,0,0,0,0,0,0,0,54
Lukás Cerv|Czechia,Lukás Cerv,Czechia,163,2,3,3,0,3,1,0,45,37,8,3,0,0,2,1,4,0,54
Tomás Holes|Czechia,Tomás Holes,Czechia,160,2,0,0,0,2,2,1,68,56,24,15,0,0,2,1,6,0,54
Thapelo Maseko|South Africa,Thapelo Maseko,South Africa,157,2,8,6,1,2,5,0,30,25,5,4,0,0,11,3,6,0,54
Vladimír Darida|Czechia,Vladimír Darida,Czechia,54,1,1,1,0,0,0,0,18,14,3,1,0,0,2,2,5,0,54
Relebohile Mofokeng|South Africa,Relebohile Mofokeng,South Africa,131,2,3,2,0,2,3,0,46,35,16,8,5,0,0,0,4,0,54
David Zima|Czechia,David Zima,Czechia,20,1,0,0,0,0,2,2,8,7,3,3,0,0,0,0,0,0,54
Kamogelo Sebelebele|South Africa,Kamogelo Sebelebele,South Africa,14,1,0,0,0,1,0,0,6,4,0,0,0,0,3,1,1,0,54
Kamaldeen Sulemana|Ghana,Kamaldeen Sulemana,Ghana,57,1,0,0,0,1,1,0,13,10,6,5,1,0,3,1,3,0,54
Gideon Mensah|Ghana,Gideon Mensah,Ghana,197,2,0,0,0,2,5,3,75,65,36,31,0,0,4,2,8,1,54
Jerome Opoku|Ghana,Jerome Opoku,Ghana,197,2,0,0,0,1,4,3,60,52,19,11,2,0,0,0,5,0,54
Jordan Ayew|Ghana,Jordan Ayew,Ghana,152,2,0,0,0,6,14,10,36,18,7,1,1,0,5,2,2,1,54
Andrés Andrade|Panama,Andrés Andrade,Panama,196,2,0,0,0,3,16,10,155,121,66,43,0,0,1,1,8,0,54
Jiovany Ramos|Panama,Jiovany Ramos,Panama,177,2,2,0,0,2,5,3,123,111,41,31,0,0,3,3,3,1,54
Orlando Mosquera|Panama,Orlando Mosquera,Panama,196,2,0,0,0,0,1,1,60,48,30,18,1,0,0,0,2,0,54
José Córdoba|Panama,José Córdoba,Panama,196,2,0,0,0,5,6,2,145,129,27,17,0,0,1,1,11,1,54
Amir Murillo|Panama,Amir Murillo,Panama,196,2,3,2,0,1,7,5,93,71,21,9,4,0,9,3,11,0,54
Antoine Semenyo|Ghana,Antoine Semenyo,Ghana,197,2,2,1,0,5,5,3,34,25,8,4,1,0,4,1,3,0,54
Elisha Owusu|Ghana,Elisha Owusu,Ghana,77,1,0,0,0,0,0,0,26,19,8,4,0,0,1,0,2,1,54
Marvin Senaya|Ghana,Marvin Senaya,Ghana,187,2,1,1,0,3,1,0,59,44,26,15,0,0,1,0,3,0,54
César Blackman|Panama,César Blackman,Panama,178,2,2,2,0,2,5,4,83,71,17,10,0,0,5,2,8,0,54
Cecilio Waterman|Panama,Cecilio Waterman,Panama,81,2,2,2,0,1,1,0,9,6,2,0,1,0,0,0,0,0,54
Lawrence Ati Zigi|Ghana,Lawrence Ati Zigi,Ghana,45,1,0,0,0,0,0,0,13,10,10,7,0,0,0,0,2,0,54
Caleb Yirenkyi|Ghana,Caleb Yirenkyi,Ghana,197,2,2,1,1,4,6,0,43,37,10,5,0,0,4,3,12,1,54
Carlos Harvey|Panama,Carlos Harvey,Panama,196,2,3,0,0,6,11,2,91,69,20,10,0,0,3,1,8,2,54
Cristian Martínez|Panama,Cristian Martínez,Panama,157,2,1,0,0,4,4,2,60,39,12,6,0,0,1,0,5,1,54
José Luis Rodríguez|Panama,José Luis Rodríguez,Panama,168,2,1,0,0,2,3,1,52,32,9,4,1,0,7,0,9,0,54
Jonas Adjetey|Ghana,Jonas Adjetey,Ghana,197,2,2,1,0,1,6,3,73,63,26,16,0,0,0,0,5,0,54
Yoel Bárcenas|Panama,Yoel Bárcenas,Panama,190,2,2,1,0,2,7,5,106,94,29,22,2,0,6,3,12,0,54
Ernest Nuamah|Ghana,Ernest Nuamah,Ghana,57,1,0,0,0,0,4,1,14,10,2,2,0,0,3,0,4,0,54
Benjamin Asare|Ghana,Benjamin Asare,Ghana,152,2,0,0,0,0,1,1,38,23,32,17,0,0,0,0,0,0,54
Brandon Thomas-Asante|Ghana,Brandon Thomas-Asante,Ghana,44,1,1,1,0,0,1,1,6,1,0,0,0,0,1,1,1,0,54
Abdul Fatawu|Ghana,Abdul Fatawu,Ghana,75,2,1,0,0,0,1,0,15,11,6,4,1,0,5,1,6,0,54
José Fajardo|Panama,José Fajardo,Panama,121,2,1,0,0,2,4,2,14,8,3,2,0,0,0,0,3,0,54
Azarías Londoño|Panama,Azarías Londoño,Panama,52,2,0,0,0,0,2,0,15,13,4,4,1,0,2,2,4,0,54
Ismael Díaz|Panama,Ismael Díaz,Panama,28,1,2,2,0,0,0,0,10,8,2,1,0,0,1,1,1,0,54
Kwasi Sibo|Ghana,Kwasi Sibo,Ghana,120,2,0,0,0,4,2,2,31,30,5,4,0,0,0,0,6,0,54
Prince Adu|Ghana,Prince Adu,Ghana,43,2,1,1,0,3,3,0,3,3,1,1,0,0,3,0,3,0,54
Aníbal Godoy|Panama,Aníbal Godoy,Panama,12,1,0,0,0,0,0,0,9,8,4,4,0,0,0,0,1,0,54
Edin Dzeko|Bosnia and Herzegovina,Edin Dzeko,Bosnia and Herzegovina,126,2,3,1,0,1,4,2,38,26,5,3,0,0,0,0,2,0,54
Silvan Widmer|Switzerland,Silvan Widmer,Switzerland,108,2,0,0,0,1,4,0,45,34,11,6,0,0,0,0,3,0,54
Djibril Sow|Switzerland,Djibril Sow,Switzerland,100,2,0,0,0,1,1,0,32,28,5,4,0,0,1,0,4,0,54
Amir Hadziahmetovic|Bosnia and Herzegovina,Amir Hadziahmetovic,Bosnia and Herzegovina,12,1,0,0,0,0,1,1,5,4,0,0,0,0,0,0,0,0,54
Luca Jaquez|Switzerland,Luca Jaquez,Switzerland,85,2,0,0,0,3,1,1,46,32,13,3,0,0,2,1,0,1,54
Cedric Itten|Switzerland,Cedric Itten,Switzerland,21,2,0,0,0,1,1,0,4,1,1,0,0,0,0,0,0,1,54
Ermin Mahmic|Bosnia and Herzegovina,Ermin Mahmic,Bosnia and Herzegovina,40,2,2,2,2,0,1,0,3,3,2,2,1,0,2,0,0,0,54
Luis Suárez|Colombia,Luis Suárez,Colombia,136,2,1,1,0,1,2,2,18,14,2,1,0,0,2,1,1,1,54
James Rodríguez|Colombia,James Rodríguez,Colombia,128,2,3,3,0,0,1,0,111,91,29,19,5,0,1,0,0,1,54
Johan Mojica|Colombia,Johan Mojica,Colombia,196,2,2,1,0,1,4,4,115,96,29,17,1,0,2,0,5,0,54
Utkir Yusupov|Uzbekistan,Utkir Yusupov,Uzbekistan,100,1,0,0,0,0,0,0,29,18,24,13,0,0,0,0,2,0,54
Jhon Lucumí|Colombia,Jhon Lucumí,Colombia,196,2,1,0,0,3,4,2,127,118,32,25,0,0,0,0,11,0,54
Akmal Mozgovoy|Uzbekistan,Akmal Mozgovoy,Uzbekistan,150,2,1,0,0,0,1,0,49,40,15,8,0,0,1,1,2,0,54
Eldor Shomurodov|Uzbekistan,Eldor Shomurodov,Uzbekistan,187,2,2,1,0,5,8,5,46,34,7,4,3,0,5,1,4,0,54
Abbosbek Fayzullaev|Uzbekistan,Abbosbek Fayzullaev,Uzbekistan,148,2,2,2,1,2,2,1,33,18,6,2,1,0,2,0,4,1,54
Jefferson Lerma|Colombia,Jefferson Lerma,Colombia,196,2,3,1,0,3,13,9,108,93,24,18,2,0,0,0,12,0,54
Luis Díaz|Colombia,Luis Díaz,Colombia,188,2,7,6,1,3,2,1,70,55,10,8,4,1,7,3,9,0,54
Bekhruz Karimov|Uzbekistan,Bekhruz Karimov,Uzbekistan,191,2,2,0,0,8,1,0,55,43,11,3,2,0,11,6,15,1,54
Jhon Arias|Colombia,Jhon Arias,Colombia,168,2,4,2,0,1,2,1,97,90,14,12,3,0,3,1,4,2,54
Davinson Sánchez|Colombia,Davinson Sánchez,Colombia,196,2,2,1,0,2,6,3,143,130,41,30,3,0,0,0,10,0,54
Gustavo Puerta|Colombia,Gustavo Puerta,Colombia,175,2,6,5,0,3,3,2,107,94,15,9,2,1,2,1,6,0,54
Otabek Shukurov|Uzbekistan,Otabek Shukurov,Uzbekistan,191,2,2,1,0,1,5,3,94,82,25,16,1,0,4,1,9,1,54
Rustam Ashurmatov|Uzbekistan,Rustam Ashurmatov,Uzbekistan,171,2,0,0,0,1,3,2,90,66,38,18,0,0,0,0,5,0,54
Camilo Vargas|Colombia,Camilo Vargas,Colombia,196,2,0,0,0,0,0,0,73,55,47,29,1,0,0,0,7,0,54
Daniel Muñoz|Colombia,Daniel Muñoz,Colombia,196,2,3,2,2,3,3,1,110,97,16,9,0,0,0,0,7,0,54
Abdukodir Khusanov|Uzbekistan,Abdukodir Khusanov,Uzbekistan,195,2,0,0,0,3,1,1,59,51,16,10,0,0,1,1,7,0,54
Oston Urunov|Uzbekistan,Oston Urunov,Uzbekistan,45,1,0,0,0,0,0,0,3,2,0,0,0,0,2,1,2,0,54
Abdulla Abdullaev|Uzbekistan,Abdulla Abdullaev,Uzbekistan,195,2,0,0,0,5,4,0,77,67,26,20,0,0,0,0,3,0,54
Sherzod Nasrullaev|Uzbekistan,Sherzod Nasrullaev,Uzbekistan,90,2,1,1,0,1,1,0,23,15,4,1,0,0,0,0,2,0,54
Dostonbek Khamdamov|Uzbekistan,Dostonbek Khamdamov,Uzbekistan,55,1,2,1,0,0,0,0,13,10,1,0,1,0,0,0,0,0,54
Farrukh Sayfiev|Uzbekistan,Farrukh Sayfiev,Uzbekistan,55,1,0,0,0,0,2,1,16,12,4,4,1,0,0,0,0,0,54
Jaminton Campaz|Colombia,Jaminton Campaz,Colombia,29,1,2,1,1,0,1,0,4,1,1,0,0,0,1,1,2,1,54
Jakhongir Urozov|Uzbekistan,Jakhongir Urozov,Uzbekistan,24,1,0,0,0,0,2,1,20,16,7,5,0,0,1,0,0,0,54
Azizbek Amonov|Uzbekistan,Azizbek Amonov,Uzbekistan,24,1,1,1,0,0,1,1,7,5,3,1,1,0,2,0,0,0,54
Richard Ríos|Colombia,Richard Ríos,Colombia,41,2,0,0,0,2,1,0,12,9,4,2,0,0,0,0,1,0,54
Cucho Hernández|Colombia,Cucho Hernández,Colombia,21,1,0,0,0,0,2,1,4,2,0,0,1,1,1,0,1,0,54
Andrés Gómez|Colombia,Andrés Gómez,Colombia,8,1,0,0,0,0,0,0,0,0,0,0,0,0,0,0,0,0,54
Kevin Castaño|Colombia,Kevin Castaño,Colombia,8,1,0,0,0,0,0,0,1,1,0,0,0,0,0,0,0,0,54
Igor Sergeev|Uzbekistan,Igor Sergeev,Uzbekistan,31,2,0,0,0,0,1,1,4,3,0,0,0,0,0,0,1,0,54
Hwang In-Beom|South Korea,Hwang In-Beom,South Korea,192,2,1,1,0,1,3,1,142,127,29,23,0,0,2,0,5,1,54
Paik Seung-Ho|South Korea,Paik Seung-Ho,South Korea,121,2,0,0,0,1,3,2,94,79,20,12,0,0,2,0,2,0,54
Lee Kang-In|South Korea,Lee Kang-In,South Korea,192,2,3,1,0,1,3,2,137,107,40,23,4,0,9,6,3,0,54
Lee Gi-Hyuk|South Korea,Lee Gi-Hyuk,South Korea,192,2,0,0,0,1,11,7,196,167,68,45,0,0,1,1,6,1,54
Seol Young-Woo|South Korea,Seol Young-Woo,South Korea,166,2,2,0,0,0,2,1,88,73,13,8,2,0,0,0,9,0,54
Lee Jae-Sung|South Korea,Lee Jae-Sung,South Korea,56,1,0,0,0,0,1,0,27,19,3,1,0,0,1,0,4,0,54
Kim Min-Jae|South Korea,Kim Min-Jae,South Korea,160,2,1,1,0,0,7,3,181,174,33,27,1,0,0,0,9,0,54
Lee Han-Beom|South Korea,Lee Han-Beom,South Korea,192,2,1,0,0,4,10,6,151,135,31,21,0,0,0,0,4,0,54
Kim Moon-Hwan|South Korea,Kim Moon-Hwan,South Korea,70,1,0,0,0,0,1,0,25,23,3,1,0,0,0,0,5,0,54
Kim Seung-Gyu|South Korea,Kim Seung-Gyu,South Korea,192,2,0,0,0,0,1,1,83,64,40,21,0,0,0,0,7,0,54
Jorge Sánchez|Mexico,Jorge Sánchez,Mexico,192,2,1,1,0,2,1,0,78,71,16,13,2,0,4,2,7,0,54
Luis Romo|Mexico,Luis Romo,Mexico,132,2,1,1,1,1,5,2,60,52,12,8,2,1,3,1,6,1,54
Son Heung-Min|South Korea,Son Heung-Min,South Korea,107,2,1,1,0,0,1,0,38,30,4,2,1,0,4,3,7,1,54
Hwang Hee-Chan|South Korea,Hwang Hee-Chan,South Korea,85,2,1,0,0,1,1,0,37,30,7,4,1,0,4,2,4,0,54
Oh Hyeon-Gyu|South Korea,Oh Hyeon-Gyu,South Korea,113,2,3,1,0,0,7,3,16,12,2,1,0,0,2,0,1,0,54
Orbelín Pineda|Mexico,Orbelín Pineda,Mexico,26,1,0,0,0,0,4,1,3,3,0,0,0,0,0,0,1,0,54
Obed Vargas|Mexico,Obed Vargas,Mexico,60,2,1,1,0,1,1,0,19,16,3,1,0,0,1,0,6,0,54
Eom Ji-Sung|South Korea,Eom Ji-Sung,South Korea,26,1,0,0,0,0,1,1,8,6,3,2,1,0,1,1,1,0,54
Yang Hyun-Jun|South Korea,Yang Hyun-Jun,South Korea,26,1,1,1,0,1,1,0,11,8,1,0,0,0,1,0,2,0,54
Cho Gue-Sung|South Korea,Cho Gue-Sung,South Korea,43,2,2,2,0,1,6,1,5,3,0,0,0,0,1,0,1,0,54
Santiago Giménez|Mexico,Santiago Giménez,Mexico,51,2,1,1,0,0,1,0,7,3,0,0,0,0,0,0,0,0,54
César Huerta|Mexico,César Huerta,Mexico,13,1,0,0,0,0,1,0,1,1,1,1,0,0,1,1,1,0,54
Kieran Tierney|Scotland,Kieran Tierney,Scotland,110,2,2,2,0,3,0,0,53,39,11,5,3,0,0,0,3,0,54
Anthony Ralston|Scotland,Anthony Ralston,Scotland,23,2,1,1,0,2,1,0,8,6,4,3,1,0,0,0,0,0,54
Ross Stewart|Scotland,Ross Stewart,Scotland,8,1,0,0,0,0,2,2,2,0,0,0,0,0,0,0,0,0,54
Mathew Leckie|Australia,Mathew Leckie,Australia,60,1,1,0,0,1,4,3,14,7,3,1,0,0,2,1,2,0,54
Cristian Volpato|Australia,Cristian Volpato,Australia,38,1,1,0,0,0,0,0,20,15,5,3,1,0,6,5,1,0,54
Joe Scally|USA,Joe Scally,USA,19,1,0,0,0,0,0,0,5,3,2,1,0,0,0,0,0,0,54
Auston Trusty|USA,Auston Trusty,USA,19,1,0,0,0,0,2,1,3,1,1,0,0,0,0,0,0,0,54
Haji Wright|USA,Haji Wright,USA,3,1,0,0,0,0,2,1,1,0,0,0,0,0,0,0,0,0,54
Jean-Kévin Duverne|Haiti,Jean-Kévin Duverne,Haiti,174,2,1,0,0,2,2,0,72,61,17,11,2,0,4,1,4,2,54
Rayan|Brazil,Rayan,Brazil,137,2,2,1,0,3,4,2,47,43,5,4,4,0,3,2,4,0,54
Dominique Simon|Haiti,Dominique Simon,Haiti,69,2,1,1,0,1,1,1,33,25,6,3,1,0,2,0,4,0,54
Gabriel Martinelli|Brazil,Gabriel Martinelli,Brazil,63,2,0,0,0,2,2,0,25,25,2,2,1,0,1,0,1,0,54
Endrick|Brazil,Endrick,Brazil,47,2,0,0,0,1,1,1,10,10,1,1,0,0,0,0,2,0,54
Éderson Silva|Brazil,Éderson Silva,Brazil,15,1,1,0,0,1,0,0,3,3,0,0,0,0,0,0,0,0,54
Derrick Etienne|Haiti,Derrick Etienne,Haiti,15,1,0,0,0,0,0,0,10,5,2,0,1,0,0,0,0,0,54
Jamie Leweling|Germany,Jamie Leweling,Germany,38,1,1,0,0,0,0,0,17,11,3,1,0,0,0,0,4,0,54
Nadiem Amiri|Germany,Nadiem Amiri,Germany,38,1,1,1,0,0,0,0,14,10,4,3,1,1,0,0,3,0,54
Evann Guessand|Ivory Coast,Evann Guessand,Ivory Coast,23,1,0,0,0,1,0,0,5,4,2,2,0,0,1,0,2,0,54
Simon Adingra|Ivory Coast,Simon Adingra,Ivory Coast,23,1,0,0,0,0,0,0,10,9,0,0,1,0,1,0,2,0,54
Besfort Zeneli|Sweden,Besfort Zeneli,Sweden,40,1,1,1,0,0,0,0,24,22,3,2,0,0,0,0,4,0,54
Guus Til|Netherlands,Guus Til,Netherlands,37,1,0,0,0,0,0,0,9,8,1,1,0,0,0,0,0,0,54
Taha Ali|Sweden,Taha Ali,Sweden,17,1,0,0,0,0,0,0,8,6,1,1,2,0,1,1,0,0,54
Noa Lang|Netherlands,Noa Lang,Netherlands,6,1,0,0,0,0,0,0,1,1,0,0,0,0,0,0,0,0,54
Matías Galarza|Paraguay,Matías Galarza,Paraguay,91,1,2,2,1,2,2,1,20,10,8,4,0,0,6,2,7,0,54
Isidro Pitta|Paraguay,Isidro Pitta,Paraguay,45,1,0,0,0,2,3,0,8,3,2,0,0,0,0,0,1,0,54
Can Uzun|Turkiye,Can Uzun,Turkiye,39,1,3,2,0,0,0,0,17,15,3,2,4,0,4,1,5,0,54
Eren Elmali|Turkiye,Eren Elmali,Turkiye,29,1,0,0,0,2,2,0,14,13,2,2,1,0,1,1,2,0,54
Alexandro Maidana|Paraguay,Alexandro Maidana,Paraguay,18,1,0,0,0,0,0,0,4,2,1,0,0,0,0,0,1,0,54
Gabriel Ávalos|Paraguay,Gabriel Ávalos,Paraguay,7,1,0,0,0,0,3,3,3,3,0,0,0,0,0,0,0,1,54
José Canale|Paraguay,José Canale,Paraguay,7,1,0,0,0,1,2,0,1,1,1,1,0,0,0,0,1,0,54
Alexis Saelemaekers|Belgium,Alexis Saelemaekers,Belgium,57,1,2,1,0,0,0,0,23,17,6,6,0,0,5,2,0,0,54
Hossein Kanani|Iran,Hossein Kanani,Iran,95,1,1,1,0,0,1,1,16,15,4,3,0,0,0,0,1,0,54
Saleh Hardani|Iran,Saleh Hardani,Iran,45,1,0,0,0,0,0,0,7,2,5,0,0,0,2,0,1,0,54
Alireza Jahanbakhsh|Iran,Alireza Jahanbakhsh,Iran,50,1,1,0,0,2,2,1,11,7,1,1,0,0,1,1,1,0,54
Dodi Lukébakio|Belgium,Dodi Lukébakio,Belgium,38,1,2,1,0,0,0,0,11,9,3,2,0,0,1,0,0,0,54
Mehdi Torabi|Iran,Mehdi Torabi,Iran,30,1,0,0,0,0,0,0,20,15,7,4,0,0,0,0,4,0,54
Arthur Theate|Belgium,Arthur Theate,Belgium,23,1,0,0,0,0,1,1,9,9,3,3,1,0,0,0,1,0,54
Jordy Alcívar|Ecuador,Jordy Alcívar,Ecuador,45,1,1,0,0,1,1,0,34,31,9,6,0,0,0,0,6,0,54
Pervis Estupiñán|Ecuador,Pervis Estupiñán,Ecuador,69,1,0,0,0,2,2,0,57,48,11,6,1,0,0,0,0,0,54
Juriën Gaari|Curacao,Juriën Gaari,Curacao,95,1,0,0,0,2,1,0,18,9,14,6,1,0,0,0,2,0,54
Joshua Brenet|Curacao,Joshua Brenet,Curacao,95,1,0,0,0,0,1,1,35,25,13,6,1,0,3,1,6,0,54
Kenji Gorré|Curacao,Kenji Gorré,Curacao,21,1,0,0,0,0,0,0,2,0,1,0,0,0,1,0,0,0,54
Roshon van Eijma|Curacao,Roshon van Eijma,Curacao,20,1,0,0,0,0,2,2,2,1,0,0,0,0,0,0,0,0,54
Godfried Roemeratoe|Curacao,Godfried Roemeratoe,Curacao,12,1,0,0,0,0,0,0,2,2,0,0,0,0,0,0,2,0,54
Jordy Caicedo|Ecuador,Jordy Caicedo,Ecuador,7,1,0,0,0,0,0,0,2,2,0,0,0,0,0,0,0,0,54
Álex Baena|Spain,Álex Baena,Spain,61,1,2,1,0,1,0,0,49,37,9,5,2,0,1,0,1,0,54
Pedro Porro|Spain,Pedro Porro,Spain,98,1,2,1,0,1,1,1,77,69,15,8,2,0,0,0,7,1,54
Yéremy Pino|Spain,Yéremy Pino,Spain,53,1,0,0,0,2,0,0,22,17,2,1,0,0,2,0,1,0,54
Khalid Al Ghannam|Saudi Arabia,Khalid Al Ghannam,Saudi Arabia,9,1,0,0,0,0,0,0,0,0,0,0,0,0,0,0,0,0,54
Aymen Dahmen|Tunisia,Aymen Dahmen,Tunisia,95,1,0,0,0,0,0,0,23,10,18,5,0,0,0,0,2,0,54
Ko Itakura|Japan,Ko Itakura,Japan,95,1,0,0,0,1,3,2,89,85,23,19,2,0,0,0,3,0,54
Ao Tanaka|Japan,Ao Tanaka,Japan,95,1,1,0,0,1,2,1,75,72,14,12,0,0,1,0,3,1,54
Dylan Bronn|Tunisia,Dylan Bronn,Tunisia,45,1,0,0,0,1,0,0,20,17,7,4,0,0,0,0,1,0,54
Junnosuke Suzuki|Japan,Junnosuke Suzuki,Japan,23,1,0,0,0,0,0,0,3,3,0,0,0,0,0,0,0,0,54
Yuito Suzuki|Japan,Yuito Suzuki,Japan,17,1,0,0,0,0,0,0,4,4,0,0,0,0,1,0,1,0,54
Ayumu Seko|Japan,Ayumu Seko,Japan,17,1,0,0,0,1,1,1,13,11,3,2,0,0,0,0,2,0,54
Keisuke Goto|Japan,Keisuke Goto,Japan,11,1,0,0,0,0,0,0,1,1,1,1,0,0,0,0,0,0,54
Gilson Benchimol|Cabo Verde,Gilson Benchimol,Cabo Verde,57,1,0,0,0,0,4,0,10,8,1,0,0,0,1,1,3,0,54
Garry Rodrigues|Cabo Verde,Garry Rodrigues,Cabo Verde,58,1,0,0,0,0,1,0,8,6,2,0,0,0,2,1,0,0,54
Hélio Varela|Cabo Verde,Hélio Varela,Cabo Verde,40,1,1,1,1,0,2,0,2,2,0,0,0,0,1,1,1,0,54
Yannick Semedo|Cabo Verde,Yannick Semedo,Cabo Verde,19,1,0,0,0,1,0,0,13,10,6,4,0,0,0,0,2,0,54
Michael Gregoritsch|Austria,Michael Gregoritsch,Austria,84,1,1,0,0,0,7,5,17,9,2,0,0,0,0,0,0,0,54
Marco Friedl|Austria,Marco Friedl,Austria,31,1,0,0,0,0,0,0,31,30,10,9,0,0,1,0,1,0,54
Alexander Prass|Austria,Alexander Prass,Austria,30,1,0,0,0,0,0,0,20,16,4,3,0,0,0,0,1,0,54
Leandro Paredes|Argentina,Leandro Paredes,Argentina,16,1,0,0,0,1,0,0,9,8,0,0,0,0,0,0,1,0,54
Nicolás Tagliafico|Argentina,Nicolás Tagliafico,Argentina,16,1,0,0,0,0,3,1,2,2,2,2,0,0,0,0,0,0,54
Manu Koné|France,Manu Koné,France,92,1,1,0,0,2,1,0,73,67,13,10,0,0,1,1,6,1,54
Lucas Digne|France,Lucas Digne,France,92,1,0,0,0,1,2,1,75,62,15,10,1,0,0,0,4,0,54
Ahmed Basil|Iraq,Ahmed Basil,Iraq,92,1,0,0,0,0,0,0,48,34,26,12,0,0,0,0,1,0,54
Rebin Sulaka|Iraq,Rebin Sulaka,Iraq,33,1,1,0,0,0,0,0,20,16,7,4,0,0,0,0,1,0,54
Youssef Amyn|Iraq,Youssef Amyn,Iraq,33,1,0,0,0,0,0,0,5,5,0,0,0,0,1,0,1,0,54
Aimar Sher|Iraq,Aimar Sher,Iraq,25,1,0,0,0,0,0,0,23,20,3,2,0,0,0,0,1,0,54
Maghnes Akliouche|France,Maghnes Akliouche,France,10,1,0,0,0,0,0,0,9,5,1,0,0,0,0,0,0,0,54
Malo Gusto|France,Malo Gusto,France,10,1,0,0,0,1,0,0,7,6,1,0,0,0,0,0,0,0,54
Marcus Thuram|France,Marcus Thuram,France,2,1,0,0,0,0,0,0,0,0,0,0,0,0,0,0,0,0,54
Trezeguet|Egypt,Trezeguet,Egypt,25,1,1,1,1,1,1,0,6,3,4,2,0,0,0,0,3,0,54
Hossam Abdelmaguid|Egypt,Hossam Abdelmaguid,Egypt,14,1,0,0,0,0,3,3,2,1,2,1,0,0,0,0,0,0,54
Francis de Vries|New Zealand,Francis de Vries,New Zealand,16,1,0,0,0,0,0,0,9,3,3,0,0,0,0,0,0,0,54
Mohamed Abdelmonem|Egypt,Mohamed Abdelmonem,Egypt,2,1,0,0,0,0,0,0,2,2,0,0,0,0,0,0,1,0,54
Iñaki Williams|Ghana,Iñaki Williams,Ghana,65,1,0,0,0,2,1,0,12,9,4,2,0,0,0,0,2,0,54
Thomas Partey|Ghana,Thomas Partey,Ghana,96,1,0,0,0,1,1,1,27,23,13,9,0,0,2,1,0,1,54
Eberechi Eze|England,Eberechi Eze,England,23,1,0,0,0,0,0,0,10,8,2,1,1,0,0,0,1,0,54
Kojo Peprah Oppong|Ghana,Kojo Peprah Oppong,Ghana,10,1,0,0,0,0,0,0,2,1,2,1,0,0,0,0,0,0,54
Abdul Rahman Baba|Ghana,Abdul Rahman Baba,Ghana,2,1,0,0,0,0,0,0,0,0,0,0,0,0,0,0,0,0,54
Husam Abu Dahab|Jordan,Husam Abu Dahab,Jordan,90,1,0,0,0,1,4,3,27,18,9,3,1,0,0,0,4,0,54
Nadhir Benbouali|Algeria,Nadhir Benbouali,Algeria,52,1,2,2,1,0,8,4,9,6,1,1,0,0,1,1,1,0,54
Mohammad Abu Hasheesh|Jordan,Mohammad Abu Hasheesh,Jordan,13,1,0,0,0,0,0,0,3,3,1,1,0,0,0,0,1,0,54
Jaouen Hadjam|Algeria,Jaouen Hadjam,Algeria,13,1,0,0,0,0,0,0,8,7,1,1,0,0,2,1,3,0,54
Zineddine Belaïd|Algeria,Zineddine Belaïd,Algeria,12,1,0,0,0,0,2,2,7,6,2,1,1,0,0,0,1,0,54
Mohammad Abu Zraiq|Jordan,Mohammad Abu Zraiq,Jordan,6,1,0,0,0,0,0,0,3,2,1,0,0,0,0,0,0,0,54
Marcus Pedersen|Norway,Marcus Pedersen,Norway,88,1,1,1,1,1,3,1,34,29,11,9,1,0,0,0,1,0,54
Ismail Jakobs|Senegal,Ismail Jakobs,Senegal,47,1,0,0,0,0,2,0,22,16,4,2,1,0,0,0,1,0,54
Mory Diaw|Senegal,Mory Diaw,Senegal,38,1,0,0,0,0,0,0,13,10,8,6,0,0,1,1,1,0,54
Pape Matar Sarr|Senegal,Pape Matar Sarr,Senegal,29,1,2,0,0,1,0,0,21,18,6,3,0,0,0,0,2,0,54
Abduvokhid Nematov|Uzbekistan,Abduvokhid Nematov,Uzbekistan,95,1,1,1,1,0,0,0,23,11,16,6,0,0,0,0,4,0,54
Rúben Dias|Portugal,Rúben Dias,Portugal,95,1,0,0,0,1,5,3,63,62,18,17,0,0,1,1,3,0,54
João Félix|Portugal,João Félix,Portugal,63,1,3,1,0,1,1,0,24,20,7,5,0,0,9,4,3,1,54
Odiljon Khamrobekov|Uzbekistan,Odiljon Khamrobekov,Uzbekistan,45,1,1,1,0,1,1,0,21,18,6,5,0,0,1,0,0,0,54
Aziz G'aniev|Uzbekistan,Aziz G'aniev,Uzbekistan,95,1,1,1,0,1,2,0,42,30,6,1,0,0,1,1,6,1,54
Khojiakbar Alijonov|Uzbekistan,Khojiakbar Alijonov,Uzbekistan,50,1,0,0,0,1,0,0,9,6,6,3,1,0,2,1,2,0,54
Trincão|Portugal,Trincão,Portugal,32,1,1,0,0,0,0,0,15,12,4,2,0,0,1,0,3,0,54
Ruslanbek Jiyanov|Uzbekistan,Ruslanbek Jiyanov,Uzbekistan,4,1,0,0,0,0,0,0,0,0,0,0,0,0,0,0,0,0,54
Sherzod Esanov|Uzbekistan,Sherzod Esanov,Uzbekistan,4,1,0,0,0,0,0,0,0,0,0,0,0,0,0,0,0,0,54
Stjepan Radeljic|Bosnia and Herzegovina,Stjepan Radeljic,Bosnia and Herzegovina,96,1,1,1,0,0,0,0,88,81,30,23,0,0,0,0,2,0,54
Arjan Malic|Bosnia and Herzegovina,Arjan Malic,Bosnia and Herzegovina,45,1,0,0,0,1,0,0,30,25,10,8,0,0,1,0,1,0,54
Abdulaziz Hatem|Qatar,Abdulaziz Hatem,Qatar,51,1,0,0,0,1,1,0,31,26,8,7,1,0,0,0,2,0,54
Ahmed Al Ganehi|Qatar,Ahmed Al Ganehi,Qatar,41,1,1,0,0,1,0,0,14,13,1,1,1,0,2,1,2,0,54
Dennis Hadzikadunic|Bosnia and Herzegovina,Dennis Hadzikadunic,Bosnia and Herzegovina,33,1,0,0,0,1,1,0,11,9,4,3,1,1,0,0,0,0,54
Almoez Ali|Qatar,Almoez Ali,Qatar,25,1,1,1,0,0,0,0,3,2,0,0,0,0,0,0,0,0,54
Jhon Córdoba|Colombia,Jhon Córdoba,Colombia,39,1,0,0,0,1,0,0,4,3,0,0,0,0,0,0,0,0,54
Juan Fernando Quintero|Colombia,Juan Fernando Quintero,Colombia,39,1,1,0,0,0,0,0,28,20,8,4,2,0,0,0,1,0,54
Nathanaël Mbuku|DR Congo,Nathanaël Mbuku,DR Congo,15,1,1,1,0,1,0,0,7,6,1,0,2,0,0,0,0,0,54
Sofyan Amrabat|Morocco,Sofyan Amrabat,Morocco,98,1,0,0,0,1,0,0,69,64,8,7,0,0,1,0,5,0,54
Redouane Halhal|Morocco,Redouane Halhal,Morocco,98,1,0,0,0,1,6,4,53,50,13,12,0,0,0,0,4,0,54
Ayoub El Kaabi|Morocco,Ayoub El Kaabi,Morocco,69,1,3,2,0,1,1,0,10,7,0,0,0,0,3,1,1,0,54
Duckens Nazon|Haiti,Duckens Nazon,Haiti,32,1,1,1,0,0,1,0,3,1,1,0,0,0,2,1,0,0,54
Gessime Yassine|Morocco,Gessime Yassine,Morocco,29,1,1,1,1,1,0,0,7,6,3,2,0,0,0,0,2,0,54
Marin Pongracic|Croatia,Marin Pongracic,Croatia,95,1,0,0,0,1,2,1,76,66,24,17,0,0,0,0,4,0,54
Ante Budimir|Croatia,Ante Budimir,Croatia,50,1,1,1,1,2,9,6,8,3,4,1,0,0,1,1,3,0,54
Luka Sucic|Croatia,Luka Sucic,Croatia,24,1,1,1,0,0,2,0,4,2,1,0,0,0,0,0,0,0,54
Éric Davis|Panama,Éric Davis,Panama,6,1,0,0,0,0,1,1,6,2,2,0,0,0,0,0,1,0,54
Tomás Rodríguez|Panama,Tomás Rodríguez,Panama,6,1,0,0,0,0,0,0,1,0,1,0,0,0,0,0,1,0,54
Scott McKenna|Scotland,Scott McKenna,Scotland,96,1,0,0,0,0,1,1,55,51,15,13,0,0,0,0,0,0,54
Neymar|Brazil,Neymar,Brazil,21,1,1,1,0,0,0,0,17,13,3,2,3,0,1,0,1,0,54
Alex Sandro|Brazil,Alex Sandro,Brazil,15,1,0,0,0,1,0,0,13,13,2,2,0,0,0,0,0,0,54
Mathieu Choinière|Canada,Mathieu Choinière,Canada,57,1,0,0,0,1,2,2,33,25,11,7,1,0,0,0,3,0,54
Christian Fassnacht|Switzerland,Christian Fassnacht,Switzerland,12,1,0,0,0,0,0,0,5,5,0,0,0,0,0,0,0,1,54
Guillermo Martínez|Mexico,Guillermo Martínez,Mexico,62,1,0,0,0,3,4,1,14,12,1,1,0,0,0,0,2,0,54
Mateo Chávez|Mexico,Mateo Chávez,Mexico,77,1,1,1,1,1,2,1,27,23,8,5,1,0,2,2,4,0,54
Denis Visinsky|Czechia,Denis Visinsky,Czechia,55,1,3,1,0,0,0,0,13,13,2,2,0,0,3,2,3,0,54
David Doudera|Czechia,David Doudera,Czechia,96,1,4,0,0,0,0,0,50,36,22,13,1,0,2,1,6,0,54
Guillermo Ochoa|Mexico,Guillermo Ochoa,Mexico,19,1,0,0,0,0,0,0,9,4,9,4,0,0,0,0,0,0,54
Lee Tae-Seok|South Korea,Lee Tae-Seok,South Korea,45,1,0,0,0,2,1,1,18,12,0,0,1,0,1,1,1,0,54
Kim Jin-Gyu|South Korea,Kim Jin-Gyu,South Korea,51,1,0,0,0,0,0,0,54,52,17,15,1,0,0,0,5,1,54
Jens Castrop|South Korea,Jens Castrop,South Korea,51,1,0,0,0,3,1,1,38,29,5,3,1,0,2,1,1,0,54
Tshepang Moremi|South Africa,Tshepang Moremi,South Africa,35,1,0,0,0,1,0,0,6,3,1,0,1,1,1,1,1,0,54
Park Jin-Seob|South Korea,Park Jin-Seob,South Korea,32,1,1,1,0,0,3,3,50,46,8,5,0,0,0,0,1,0,54
